Date;Close0;Close1;Close2;i0;i1
07.07.2009;1.3923;1.3983;1.39552;1.39691;1.39714
08.07.2009;1.3882;1.3923;1.3983;1.3953;1.39537333
09.07.2009;1.4019;1.3882;1.3923;1.39025;1.39293333
10.07.2009;1.3948;1.4019;1.3882;1.39505;1.39413333
13.07.2009;1.3977;1.39647;1.3948;1.395635;1.39772333
14.07.2009;1.3966;1.3977;1.39647;1.397085;1.39632333
15.07.2009;1.4107;1.3966;1.3977;1.39715;1.39692333
16.07.2009;1.4148;1.4107;1.3966;1.40365;1.40166667
17.07.2009;1.41;1.4148;1.4107;1.41275;1.40736667
19.07.2009;1.41244;1.41;1.4148;1.4124;1.41183333
20.07.2009;1.4231;1.41244;1.41;1.41122;1.41241333
21.07.2009;1.4224;1.4231;1.41244;1.41777;1.41518
22.07.2009;1.4219;1.4224;1.4231;1.42275;1.41931333
27.07.2009;1.4234;1.4216;1.4214;1.4215;1.41903333
29.07.2009;1.4049;1.4166;1.4234;1.42;1.42053333
02.08.2009;1.42503;1.4251;1.4073;1.4162;1.41243333
03.08.2009;1.4411;1.42503;1.4251;1.425065;1.41914333
05.08.2009;1.4403;1.4407;1.4411;1.4409;1.43561
06.08.2009;1.4346;1.4403;1.4407;1.4405;1.4407
09.08.2009;1.41921;1.417;1.4346;1.4258;1.43063333
10.08.2009;1.414;1.41921;1.417;1.418105;1.42360333
11.08.2009;1.415;1.414;1.41921;1.416605;1.41673667
12.08.2009;1.4189;1.415;1.414;1.4145;1.41607
13.08.2009;1.4292;1.4189;1.415;1.41695;1.41596667
16.08.2009;1.41877;1.4189;1.4292;1.42405;1.42233333
17.08.2009;1.4082;1.41877;1.4189;1.418835;1.42229
18.08.2009;1.4134;1.4082;1.41877;1.413485;1.41529
19.08.2009;1.4223;1.4134;1.4082;1.4108;1.41345667
21.08.2009;1.4335;1.4253;1.4223;1.4238;1.42033333
23.08.2009;1.43363;1.4335;1.4253;1.4294;1.42703333
24.08.2009;1.4303;1.43363;1.4335;1.433565;1.43081
26.08.2009;1.4254;1.4297;1.4303;1.43;1.43121
27.08.2009;1.4342;1.4254;1.4297;1.42755;1.42846667
28.08.2009;1.43;1.4342;1.4254;1.4298;1.42976667
30.08.2009;1.4283;1.43;1.4342;1.4321;1.42986667
31.08.2009;1.4333;1.4283;1.43;1.42915;1.43083333
01.09.2009;1.4224;1.4333;1.4283;1.4308;1.43053333
04.09.2009;1.4303;1.4252;1.4263;1.42575;1.42463333
06.09.2009;1.43138;1.4303;1.4252;1.42775;1.42726667
07.09.2009;1.4332;1.43138;1.4303;1.43084;1.42896
08.09.2009;1.4478;1.4332;1.43138;1.43229;1.43162667
09.09.2009;1.4559;1.4478;1.4332;1.4405;1.43746
11.09.2009;1.4581;1.4582;1.4559;1.45705;1.45396667
13.09.2009;1.45818;1.4581;1.4582;1.45815;1.4574
14.09.2009;1.4621;1.45818;1.4581;1.45814;1.45816
15.09.2009;1.4656;1.4621;1.45818;1.46014;1.45946
16.09.2009;1.4709;1.4656;1.4621;1.46385;1.46196
17.09.2009;1.4741;1.4709;1.4656;1.46825;1.4662
18.09.2009;1.4702;1.4741;1.4709;1.4725;1.4702
21.09.2009;1.4682;1.46995;1.4702;1.470075;1.47141667
22.09.2009;1.479;1.4682;1.46995;1.469075;1.46945
23.09.2009;1.4734;1.479;1.4682;1.4736;1.47238333
25.09.2009;1.4669;1.4666;1.4734;1.47;1.473
27.09.2009;1.47024;1.4669;1.4666;1.46675;1.46896667
29.09.2009;1.4588;1.4619;1.47024;1.46607;1.46634667
30.09.2009;1.4641;1.4588;1.4619;1.46035;1.46364667
01.10.2009;1.4545;1.4641;1.4588;1.46145;1.4616
02.10.2009;1.457;1.4545;1.4641;1.4593;1.45913333
05.10.2009;1.4649;1.46075;1.457;1.458875;1.45741667
06.10.2009;1.472;1.4649;1.46075;1.462825;1.46088333
07.10.2009;1.4691;1.472;1.4649;1.46845;1.46588333
09.10.2009;1.4708;1.4793;1.4691;1.4742;1.47346667
11.10.2009;1.47388;1.4708;1.4793;1.47505;1.47306667
12.10.2009;1.4773;1.47388;1.4708;1.47234;1.47466
13.10.2009;1.4853;1.4773;1.47388;1.47559;1.47399333
14.10.2009;1.4923;1.4853;1.4773;1.4813;1.47882667
16.10.2009;1.4893;1.4948;1.4923;1.49355;1.4908
19.10.2009;1.4964;1.49141;1.4893;1.490355;1.49183667
21.10.2009;1.5016;1.4945;1.4964;1.49545;1.49410333
22.10.2009;1.5032;1.5016;1.4945;1.49805;1.4975
23.10.2009;1.4995;1.5032;1.5016;1.5024;1.49976667
26.10.2009;1.4875;1.50083;1.4995;1.500165;1.50117667
27.10.2009;1.4804;1.4875;1.50083;1.494165;1.49594333
28.10.2009;1.4704;1.4804;1.4875;1.48395;1.48957667
29.10.2009;1.4822;1.4704;1.4804;1.4754;1.47943333
30.10.2009;1.4716;1.4822;1.4704;1.4763;1.47766667
01.11.2009;1.47281;1.4716;1.4822;1.4769;1.47473333
02.11.2009;1.4775;1.47281;1.4716;1.472205;1.47553667
03.11.2009;1.4723;1.4775;1.47281;1.475155;1.47397
05.11.2009;1.4872;1.4861;1.4723;1.4792;1.47863333
06.11.2009;1.4845;1.4872;1.4861;1.48665;1.48186667
08.11.2009;1.48706;1.4845;1.4872;1.48585;1.48593333
09.11.2009;1.5;1.48706;1.4845;1.48578;1.48625333
10.11.2009;1.4992;1.5;1.48706;1.49353;1.49052
11.11.2009;1.4985;1.4992;1.5;1.4996;1.49542
12.11.2009;1.4848;1.4985;1.4992;1.49885;1.49923333
13.11.2009;1.492;1.4848;1.4985;1.49165;1.49416667
15.11.2009;1.49183;1.492;1.4848;1.4884;1.49176667
16.11.2009;1.4969;1.49183;1.492;1.491915;1.48954333
18.11.2009;1.4963;1.4876;1.4969;1.49225;1.49211
19.11.2009;1.4925;1.4963;1.4876;1.49195;1.4936
23.11.2009;1.496;1.48496;1.4861;1.48553;1.48785333
25.11.2009;1.5133;1.4968;1.496;1.4964;1.49258667
26.11.2009;1.5018;1.5133;1.4968;1.50505;1.50203333
27.11.2009;1.4967;1.5018;1.5133;1.50755;1.50396667
30.11.2009;1.5005;1.50108;1.4967;1.49889;1.49986
01.12.2009;1.508;1.5005;1.50108;1.50079;1.49942667
03.12.2009;1.5052;1.5044;1.508;1.5062;1.5043
04.12.2009;1.4845;1.5052;1.5044;1.5048;1.50586667
06.12.2009;1.48707;1.4845;1.5052;1.49485;1.49803333
07.12.2009;1.4826;1.48707;1.4845;1.485785;1.49225667
08.12.2009;1.4702;1.4826;1.48707;1.484835;1.48472333
09.12.2009;1.4725;1.4702;1.4826;1.4764;1.47995667
10.12.2009;1.4731;1.4725;1.4702;1.47135;1.4751
11.12.2009;1.4628;1.4731;1.4725;1.4728;1.47193333
13.12.2009;1.4613;1.4628;1.4731;1.46795;1.46946667
14.12.2009;1.4656;1.4613;1.4628;1.46205;1.46573333
15.12.2009;1.4537;1.4656;1.4613;1.46345;1.46323333
16.12.2009;1.453;1.4537;1.4656;1.45965;1.4602
17.12.2009;1.4337;1.453;1.4537;1.45335;1.45743333
18.12.2009;1.4335;1.4337;1.453;1.44335;1.4468
20.12.2009;1.43105;1.4335;1.4337;1.4336;1.44006667
21.12.2009;1.4276;1.43105;1.4335;1.432275;1.43275
22.12.2009;1.4249;1.4276;1.43105;1.429325;1.43071667
23.12.2009;1.4337;1.4249;1.4276;1.42625;1.42785
24.12.2009;1.4358;1.4337;1.4249;1.4293;1.42873333
27.12.2009;1.43721;1.4358;1.4337;1.43475;1.43146667
29.12.2009;1.4352;1.4378;1.43721;1.437505;1.43693667
30.12.2009;1.4338;1.4352;1.4378;1.4365;1.43673667
31.12.2009;1.4326;1.4338;1.4352;1.4345;1.4356
03.01.2010;1.43247;1.4326;1.4338;1.4332;1.43386667
04.01.2010;1.4412;1.43247;1.4326;1.432535;1.43295667
05.01.2010;1.4365;1.4412;1.43247;1.436835;1.43542333
06.01.2010;1.4406;1.4365;1.4412;1.43885;1.43672333
07.01.2010;1.4307;1.4406;1.4365;1.43855;1.43943333
08.01.2010;1.4416;1.4307;1.4406;1.43565;1.43593333
10.01.2010;1.4411;1.4416;1.4307;1.43615;1.43763333
11.01.2010;1.4512;1.4411;1.4416;1.44135;1.4378
12.01.2010;1.4484;1.4512;1.4411;1.44615;1.44463333
13.01.2010;1.451;1.4484;1.4512;1.4498;1.4469
14.01.2010;1.4499;1.451;1.4484;1.4497;1.4502
15.01.2010;1.4379;1.4499;1.451;1.45045;1.44976667
17.01.2010;1.4348;1.4379;1.4499;1.4439;1.44626667
19.01.2010;1.4287;1.4383;1.4348;1.43655;1.437
20.01.2010;1.4106;1.4287;1.4383;1.4335;1.43393333
22.01.2010;1.414;1.4083;1.4106;1.40945;1.41586667
24.01.2010;1.41507;1.414;1.4083;1.41115;1.41096667
25.01.2010;1.415;1.41507;1.414;1.414535;1.41245667
26.01.2010;1.4071;1.415;1.41507;1.415035;1.41469
28.01.2010;1.3971;1.4023;1.4071;1.4047;1.40813333
01.02.2010;1.393;1.38624;1.3865;1.38637;1.38994667
02.02.2010;1.3963;1.393;1.38624;1.38962;1.38858
05.02.2010;1.3664;1.3723;1.3893;1.3808;1.38596667
07.02.2010;1.36555;1.3664;1.3723;1.36935;1.376
08.02.2010;1.3648;1.36555;1.3664;1.365975;1.36808333
09.02.2010;1.3796;1.3648;1.36555;1.365175;1.36558333
10.02.2010;1.3736;1.3796;1.3648;1.3722;1.36998333
11.02.2010;1.3692;1.3736;1.3796;1.3766;1.37266667
12.02.2010;1.3616;1.3692;1.3736;1.3714;1.37413333
14.02.2010;1.3615;1.3616;1.3692;1.3654;1.36813333
16.02.2010;1.377;1.3599;1.3615;1.3607;1.361
19.02.2010;1.3594;1.3524;1.3606;1.3565;1.36333333
21.02.2010;1.36125;1.3594;1.3524;1.3559;1.35746667
22.02.2010;1.3595;1.36125;1.3594;1.360325;1.35768333
23.02.2010;1.3507;1.3595;1.36125;1.360375;1.36005
24.02.2010;1.3538;1.3507;1.3595;1.3551;1.35715
25.02.2010;1.3547;1.3538;1.3507;1.35225;1.35466667
26.02.2010;1.3615;1.3547;1.3538;1.35425;1.35306667
28.02.2010;1.36185;1.3615;1.3547;1.3581;1.35666667
01.03.2010;1.3559;1.36185;1.3615;1.361675;1.35935
04.03.2010;1.358;1.3696;1.3614;1.3655;1.3623
05.03.2010;1.362;1.358;1.3696;1.3638;1.363
07.03.2010;1.3642;1.362;1.358;1.36;1.3632
08.03.2010;1.3633;1.3642;1.362;1.3631;1.3614
09.03.2010;1.3601;1.3633;1.3642;1.36375;1.36316667
10.03.2010;1.3656;1.3601;1.3633;1.3617;1.36253333
11.03.2010;1.368;1.3656;1.3601;1.36285;1.363
12.03.2010;1.3761;1.368;1.3656;1.3668;1.36456667
14.03.2010;1.37589;1.3761;1.368;1.37205;1.3699
15.03.2010;1.3676;1.37589;1.3761;1.375995;1.37333
16.03.2010;1.3765;1.3676;1.37589;1.371745;1.37319667
17.03.2010;1.3737;1.3765;1.3676;1.37205;1.37333
19.03.2010;1.3536;1.3607;1.3737;1.3672;1.3703
22.03.2010;1.3557;1.35171;1.3536;1.352655;1.35533667
23.03.2010;1.3497;1.3557;1.35171;1.353705;1.35367
24.03.2010;1.3313;1.3497;1.3557;1.3527;1.35237
26.03.2010;1.3414;1.3272;1.3313;1.32925;1.33606667
30.03.2010;1.3413;1.3482;1.3447;1.34645;1.34476667
01.04.2010;1.3588;1.3509;1.3413;1.3461;1.3468
02.04.2010;1.349;1.3588;1.3509;1.35485;1.35033333
04.04.2010;1.34939;1.349;1.3588;1.3539;1.3529
08.04.2010;1.336;1.3343;1.3398;1.33705;1.3408
09.04.2010;1.3493;1.336;1.3343;1.33515;1.3367
11.04.2010;1.36305;1.3493;1.336;1.34265;1.33986667
12.04.2010;1.3591;1.36305;1.3493;1.356175;1.34945
13.04.2010;1.3612;1.3591;1.36305;1.361075;1.35715
15.04.2010;1.3572;1.3653;1.3612;1.36325;1.36186667
18.04.2010;1.3489;1.3509;1.3572;1.35405;1.3578
19.04.2010;1.3489;1.3489;1.3509;1.3499;1.35233333
20.04.2010;1.3434;1.3489;1.3489;1.3489;1.34956667
21.04.2010;1.339;1.3434;1.3489;1.34615;1.34706667
22.04.2010;1.3294;1.339;1.3434;1.3412;1.34376667
23.04.2010;1.3373;1.3294;1.339;1.3342;1.33726667
25.04.2010;1.33562;1.3373;1.3294;1.33335;1.33523333
26.04.2010;1.3382;1.33562;1.3373;1.33646;1.33410667
27.04.2010;1.3173;1.3382;1.33562;1.33691;1.33704
29.04.2010;1.3233;1.322;1.3173;1.31965;1.32583333
30.04.2010;1.3313;1.3233;1.322;1.32265;1.32086667
02.05.2010;1.33193;1.3313;1.3233;1.3273;1.32553333
03.05.2010;1.3194;1.33193;1.3313;1.331615;1.32884333
05.05.2010;1.2813;1.2986;1.3194;1.309;1.31664333
07.05.2010;1.273;1.2621;1.2813;1.2717;1.28066667
11.05.2010;1.2662;1.2786;1.28766;1.28313;1.27975333
12.05.2010;1.2613;1.2662;1.2786;1.2724;1.27748667
13.05.2010;1.2534;1.2613;1.2662;1.26375;1.2687
14.05.2010;1.2381;1.2534;1.2613;1.25735;1.2603
16.05.2010;1.23709;1.2381;1.2534;1.24575;1.25093333
18.05.2010;1.2201;1.2396;1.23709;1.238345;1.23826333
21.05.2010;1.2572;1.2485;1.2414;1.24495;1.23666667
25.05.2010;1.2344;1.2371;1.25338;1.24524;1.24922667
27.05.2010;1.2361;1.2177;1.2344;1.22605;1.22973333
28.05.2010;1.2268;1.2361;1.2177;1.2269;1.2294
30.05.2010;1.22726;1.2268;1.2361;1.23145;1.22686667
31.05.2010;1.2304;1.22726;1.2268;1.22703;1.23005333
01.06.2010;1.2229;1.2304;1.22726;1.22883;1.22815333
02.06.2010;1.225;1.2229;1.2304;1.22665;1.22685333
03.06.2010;1.2162;1.225;1.2229;1.22395;1.2261
04.06.2010;1.1965;1.2162;1.225;1.2206;1.22136667
06.06.2010;1.19367;1.1965;1.2162;1.20635;1.21256667
07.06.2010;1.1923;1.19367;1.1965;1.195085;1.20212333
08.06.2010;1.1972;1.1923;1.19367;1.192985;1.19415667
09.06.2010;1.1978;1.1972;1.1923;1.19475;1.19439
10.06.2010;1.2123;1.1978;1.1972;1.1975;1.19576667
11.06.2010;1.2093;1.2123;1.1978;1.20505;1.20243333
13.06.2010;1.21436;1.2093;1.2123;1.2108;1.20646667
15.06.2010;1.2332;1.222;1.21436;1.21818;1.21522
16.06.2010;1.2309;1.2332;1.222;1.2276;1.22318667
17.06.2010;1.2388;1.2309;1.2332;1.23205;1.2287
18.06.2010;1.2373;1.2388;1.2309;1.23485;1.2343
20.06.2010;1.2408;1.2373;1.2388;1.23805;1.23566667
21.06.2010;1.2312;1.2408;1.2373;1.23905;1.23896667
22.06.2010;1.227;1.2312;1.2408;1.236;1.23643333
23.06.2010;1.231;1.227;1.2312;1.2291;1.233
25.06.2010;1.2384;1.2333;1.231;1.23215;1.23043333
28.06.2010;1.2276;1.23767;1.2384;1.238035;1.23645667
30.06.2010;1.2236;1.2187;1.2276;1.22315;1.22799
01.07.2010;1.2526;1.2236;1.2187;1.22115;1.2233
04.07.2010;1.25577;1.2549;1.2526;1.25375;1.2437
05.07.2010;1.2537;1.25577;1.2549;1.255335;1.25442333
06.07.2010;1.2625;1.2537;1.25577;1.254735;1.25479
07.07.2010;1.2637;1.2625;1.2537;1.2581;1.25732333
08.07.2010;1.2697;1.2637;1.2625;1.2631;1.25996667
11.07.2010;1.26454;1.2639;1.2697;1.2668;1.26576667
12.07.2010;1.2596;1.26454;1.2639;1.26422;1.26604667
13.07.2010;1.2724;1.2596;1.26454;1.26207;1.26268
14.07.2010;1.2743;1.2724;1.2596;1.266;1.26551333
16.07.2010;1.2926;1.2948;1.2743;1.28455;1.2805
19.07.2010;1.2941;1.28974;1.2926;1.29117;1.29238
20.07.2010;1.288;1.2941;1.28974;1.29192;1.29214667
21.07.2010;1.2753;1.288;1.2941;1.29105;1.29061333
22.07.2010;1.2892;1.2753;1.288;1.28165;1.2858
23.07.2010;1.2914;1.2892;1.2753;1.28225;1.28416667
25.07.2010;1.2885;1.2914;1.2892;1.2903;1.2853
26.07.2010;1.2993;1.2885;1.2914;1.28995;1.2897
27.07.2010;1.2995;1.2993;1.2885;1.2939;1.29306667
29.07.2010;1.3078;1.2994;1.2995;1.29945;1.2994
30.07.2010;1.303;1.3078;1.2994;1.3036;1.30223333
02.08.2010;1.318;1.30584;1.303;1.30442;1.30554667
03.08.2010;1.3229;1.318;1.30584;1.31192;1.30894667
04.08.2010;1.316;1.3229;1.318;1.32045;1.31558
05.08.2010;1.3187;1.316;1.3229;1.31945;1.31896667
08.08.2010;1.32839;1.3291;1.3187;1.3239;1.32126667
09.08.2010;1.3221;1.32839;1.3291;1.328745;1.32539667
10.08.2010;1.3175;1.3221;1.32839;1.325245;1.32653
12.08.2010;1.2828;1.2862;1.3175;1.30185;1.3086
13.08.2010;1.2752;1.2828;1.2862;1.2845;1.2955
15.08.2010;1.27689;1.2752;1.2828;1.279;1.2814
16.08.2010;1.2825;1.27689;1.2752;1.276045;1.27829667
17.08.2010;1.288;1.2825;1.27689;1.279695;1.27819667
18.08.2010;1.2849;1.288;1.2825;1.28525;1.28246333
19.08.2010;1.282;1.2849;1.288;1.28645;1.28513333
23.08.2010;1.2656;1.27085;1.2708;1.270825;1.27455
24.08.2010;1.2626;1.2656;1.27085;1.268225;1.26908333
25.08.2010;1.2658;1.2626;1.2656;1.2641;1.26635
26.08.2010;1.2715;1.2658;1.2626;1.2642;1.26466667
30.08.2010;1.2662;1.27527;1.2732;1.274235;1.27332333
31.08.2010;1.2679;1.2662;1.27527;1.270735;1.27155667
02.09.2010;1.2824;1.2807;1.2679;1.2743;1.2716
03.09.2010;1.2895;1.2824;1.2807;1.28155;1.277
05.09.2010;1.28911;1.2895;1.2824;1.28595;1.2842
06.09.2010;1.2876;1.28911;1.2895;1.289305;1.28700333
07.09.2010;1.2682;1.2876;1.28911;1.288355;1.28873667
09.09.2010;1.2694;1.272;1.2682;1.2701;1.27593333
10.09.2010;1.2709;1.2694;1.272;1.2707;1.26986667
12.09.2010;1.27171;1.2709;1.2694;1.27015;1.27076667
13.09.2010;1.2882;1.27171;1.2709;1.271305;1.27067
14.09.2010;1.2997;1.2882;1.27171;1.279955;1.27693667
15.09.2010;1.301;1.2997;1.2882;1.29395;1.28653667
17.09.2010;1.3036;1.3077;1.301;1.30435;1.3028
21.09.2010;1.3263;1.306;1.30407;1.305035;1.30455667
22.09.2010;1.3405;1.3263;1.306;1.31615;1.31212333
23.09.2010;1.3313;1.3405;1.3263;1.3334;1.32426667
24.09.2010;1.3491;1.3313;1.3405;1.3359;1.3327
26.09.2010;1.34771;1.3491;1.3313;1.3402;1.3403
28.09.2010;1.3584;1.3453;1.34771;1.346505;1.34737
29.09.2010;1.3626;1.3584;1.3453;1.35185;1.35047
30.09.2010;1.3634;1.3626;1.3584;1.3605;1.35543333
01.10.2010;1.3779;1.3634;1.3626;1.363;1.36146667
05.10.2010;1.3838;1.3684;1.3775;1.37295;1.3746
06.10.2010;1.393;1.3838;1.3684;1.3761;1.37656667
07.10.2010;1.3925;1.393;1.3838;1.3884;1.38173333
08.10.2010;1.3928;1.3925;1.393;1.39275;1.38976667
11.10.2010;1.3877;1.39956;1.3928;1.39618;1.39495333
12.10.2010;1.3924;1.3877;1.39956;1.39363;1.39335333
14.10.2010;1.4083;1.3961;1.3924;1.39425;1.39206667
15.10.2010;1.3973;1.4083;1.3961;1.4022;1.39893333
17.10.2010;1.39512;1.3973;1.4083;1.4028;1.40056667
18.10.2010;1.3933;1.39512;1.3973;1.39621;1.40024
20.10.2010;1.3963;1.3726;1.3933;1.38295;1.38700667
22.10.2010;1.3928;1.3919;1.3963;1.3941;1.38693333
24.10.2010;1.39612;1.3928;1.3919;1.39235;1.39366667
25.10.2010;1.3964;1.39612;1.3928;1.39446;1.39360667
26.10.2010;1.3857;1.3964;1.39612;1.39626;1.39510667
27.10.2010;1.3766;1.3857;1.3964;1.39105;1.39274
29.10.2010;1.3917;1.3929;1.3766;1.38475;1.38506667
31.10.2010;1.39735;1.3917;1.3929;1.3923;1.38706667
01.11.2010;1.3891;1.39735;1.3917;1.394525;1.39398333
02.11.2010;1.4032;1.3891;1.39735;1.393225;1.39271667
03.11.2010;1.4137;1.4032;1.3891;1.39615;1.39655
04.11.2010;1.4207;1.4137;1.4032;1.40845;1.402
05.11.2010;1.4033;1.4207;1.4137;1.4172;1.41253333
07.11.2010;1.40738;1.4033;1.4207;1.412;1.41256667
08.11.2010;1.3919;1.40738;1.4033;1.40534;1.41046
09.11.2010;1.3772;1.3919;1.40738;1.39964;1.40086
10.11.2010;1.3782;1.3772;1.3919;1.38455;1.39216
12.11.2010;1.3692;1.3666;1.3782;1.3724;1.374
14.11.2010;1.36882;1.3692;1.3666;1.3679;1.37133333
16.11.2010;1.3487;1.3585;1.36882;1.36366;1.36550667
17.11.2010;1.3527;1.3487;1.3585;1.3536;1.35867333
18.11.2010;1.364;1.3527;1.3487;1.3507;1.3533
19.11.2010;1.3685;1.364;1.3527;1.35835;1.35513333
23.11.2010;1.3365;1.3624;1.37411;1.368255;1.36833667
24.11.2010;1.3333;1.3365;1.3624;1.34945;1.35767
25.11.2010;1.336;1.3333;1.3365;1.3349;1.34406667
26.11.2010;1.3247;1.336;1.3333;1.33465;1.33526667
28.11.2010;1.32368;1.3247;1.336;1.33035;1.33133333
30.11.2010;1.298;1.3124;1.32368;1.31804;1.32026
01.12.2010;1.3137;1.298;1.3124;1.3052;1.31136
02.12.2010;1.3207;1.3137;1.298;1.30585;1.30803333
03.12.2010;1.3411;1.3207;1.3137;1.3172;1.3108
05.12.2010;1.34127;1.3411;1.3207;1.3309;1.32516667
06.12.2010;1.3306;1.34127;1.3411;1.341185;1.33435667
07.12.2010;1.3259;1.3306;1.34127;1.335935;1.33765667
08.12.2010;1.326;1.3259;1.3306;1.32825;1.33259
09.12.2010;1.3236;1.326;1.3259;1.32595;1.3275
10.12.2010;1.3227;1.3236;1.326;1.3248;1.32516667
13.12.2010;1.3391;1.31963;1.3227;1.321165;1.32197667
14.12.2010;1.3377;1.3391;1.31963;1.329365;1.32714333
15.12.2010;1.3212;1.3377;1.3391;1.3384;1.33214333
19.12.2010;1.31625;1.3184;1.3241;1.32125;1.32123333
21.12.2010;1.3099;1.3128;1.31625;1.314525;1.31581667
22.12.2010;1.3098;1.3099;1.3128;1.31135;1.31298333
27.12.2010;1.3162;1.30784;1.3115;1.30967;1.31018
28.12.2010;1.3114;1.3162;1.30784;1.31202;1.31184667
29.12.2010;1.3225;1.3114;1.3162;1.3138;1.31181333
31.12.2010;1.3365;1.3289;1.3225;1.3257;1.32093333
02.01.2011;1.33558;1.3365;1.3289;1.3327;1.3293
03.01.2011;1.336;1.33558;1.3365;1.33604;1.33366
04.01.2011;1.3307;1.336;1.33558;1.33579;1.33602667
05.01.2011;1.3148;1.3307;1.336;1.33335;1.33409333
06.01.2011;1.3001;1.3148;1.3307;1.32275;1.32716667
07.01.2011;1.2908;1.3001;1.3148;1.30745;1.3152
10.01.2011;1.295;1.28949;1.2908;1.290145;1.29346333
11.01.2011;1.2974;1.295;1.28949;1.292245;1.29176333
13.01.2011;1.3362;1.3134;1.2974;1.3054;1.30193333
14.01.2011;1.3372;1.3362;1.3134;1.3248;1.31566667
16.01.2011;1.33783;1.3372;1.3362;1.3367;1.32893333
17.01.2011;1.3292;1.33783;1.3372;1.337515;1.33707667
18.01.2011;1.3387;1.3292;1.33783;1.333515;1.33474333
20.01.2011;1.3471;1.3472;1.3387;1.34295;1.33836667
21.01.2011;1.3613;1.3471;1.3472;1.34715;1.34433333
23.01.2011;1.36187;1.3613;1.3471;1.3542;1.35186667
25.01.2011;1.3682;1.3636;1.36187;1.362735;1.36225667
27.01.2011;1.3732;1.3711;1.3682;1.36965;1.36763333
28.01.2011;1.3607;1.3732;1.3711;1.37215;1.37083333
30.01.2011;1.35715;1.3607;1.3732;1.36695;1.36833333
01.02.2011;1.3828;1.3693;1.35715;1.363225;1.36238333
03.02.2011;1.3633;1.3808;1.3828;1.3818;1.37763333
04.02.2011;1.3587;1.3633;1.3808;1.37205;1.37563333
06.02.2011;1.35725;1.3587;1.3633;1.361;1.3676
07.02.2011;1.3581;1.35725;1.3587;1.357975;1.35975
08.02.2011;1.3624;1.3581;1.35725;1.357675;1.35801667
09.02.2011;1.3731;1.3624;1.3581;1.36025;1.35925
10.02.2011;1.3601;1.3731;1.3624;1.36775;1.36453333
11.02.2011;1.3546;1.3601;1.3731;1.3666;1.3652
13.02.2011;1.35116;1.3546;1.3601;1.35735;1.3626
14.02.2011;1.3487;1.35116;1.3546;1.35288;1.35528667
15.02.2011;1.3485;1.3487;1.35116;1.34993;1.35148667
16.02.2011;1.3567;1.3485;1.3487;1.3486;1.34945333
20.02.2011;1.37119;1.3684;1.3607;1.36455;1.36193333
21.02.2011;1.3675;1.37119;1.3684;1.369795;1.36676333
23.02.2011;1.3748;1.3648;1.3675;1.36615;1.36783
25.02.2011;1.3751;1.3799;1.3748;1.37735;1.37316667
27.02.2011;1.37333;1.3751;1.3799;1.3775;1.3766
02.03.2011;1.3864;1.3775;1.3805;1.379;1.37711
03.03.2011;1.3969;1.3864;1.3775;1.38195;1.38146667
04.03.2011;1.3984;1.3969;1.3864;1.39165;1.38693333
06.03.2011;1.399;1.3984;1.3969;1.39765;1.3939
07.03.2011;1.3966;1.399;1.3984;1.3987;1.3981
08.03.2011;1.3904;1.3966;1.399;1.3978;1.398
09.03.2011;1.3907;1.3904;1.3966;1.3935;1.39533333
10.03.2011;1.3797;1.3907;1.3904;1.39055;1.39256667
13.03.2011;1.39345;1.3902;1.3797;1.38495;1.38686667
14.03.2011;1.399;1.39345;1.3902;1.391825;1.38778333
15.03.2011;1.3997;1.399;1.39345;1.396225;1.39421667
16.03.2011;1.3898;1.3997;1.399;1.39935;1.39738333
17.03.2011;1.402;1.3898;1.3997;1.39475;1.39616667
18.03.2011;1.4167;1.402;1.3898;1.3959;1.39716667
20.03.2011;1.4168;1.4167;1.402;1.40935;1.40283333
21.03.2011;1.4225;1.4168;1.4167;1.41675;1.41183333
22.03.2011;1.4195;1.4225;1.4168;1.41965;1.41866667
23.03.2011;1.4086;1.4195;1.4225;1.421;1.4196
24.03.2011;1.4175;1.4086;1.4195;1.41405;1.41686667
27.03.2011;1.40345;1.4074;1.4175;1.41245;1.41116667
28.03.2011;1.4086;1.40345;1.4074;1.405425;1.40945
30.03.2011;1.4125;1.4111;1.4086;1.40985;1.40771667
31.03.2011;1.4156;1.4125;1.4111;1.4118;1.41073333
03.04.2011;1.42341;1.4221;1.4156;1.41885;1.41673333
04.04.2011;1.4219;1.42341;1.4221;1.422755;1.42037
05.04.2011;1.4221;1.4219;1.42341;1.422655;1.42247
06.04.2011;1.433;1.4221;1.4219;1.422;1.42247
07.04.2011;1.4307;1.433;1.4221;1.42755;1.42566667
08.04.2011;1.4455;1.4307;1.433;1.43185;1.4286
10.04.2011;1.44796;1.4455;1.4307;1.4381;1.4364
11.04.2011;1.4435;1.44796;1.4455;1.44673;1.44138667
12.04.2011;1.4476;1.4435;1.44796;1.44573;1.44565333
14.04.2011;1.4486;1.4442;1.4476;1.4459;1.4451
15.04.2011;1.4426;1.4486;1.4442;1.4464;1.4468
17.04.2011;1.43966;1.4426;1.4486;1.4456;1.44513333
18.04.2011;1.4232;1.43966;1.4426;1.44113;1.44362
19.04.2011;1.4333;1.4232;1.43966;1.43143;1.43515333
20.04.2011;1.4521;1.4333;1.4232;1.42825;1.43205333
21.04.2011;1.4551;1.4521;1.4333;1.4427;1.4362
22.04.2011;1.4545;1.4551;1.4521;1.4536;1.44683333
25.04.2011;1.4578;1.45869;1.4545;1.456595;1.45609667
26.04.2011;1.4642;1.4578;1.45869;1.458245;1.45699667
27.04.2011;1.4786;1.4642;1.4578;1.461;1.46023
29.04.2011;1.4809;1.4822;1.4786;1.4804;1.475
01.05.2011;1.48154;1.4809;1.4822;1.48155;1.48056667
02.05.2011;1.4829;1.48154;1.4809;1.48122;1.48154667
04.05.2011;1.4825;1.4824;1.4829;1.48265;1.48228
06.05.2011;1.4313;1.4525;1.4825;1.4675;1.47246667
08.05.2011;1.43883;1.4313;1.4525;1.4419;1.45543333
09.05.2011;1.4365;1.43883;1.4313;1.435065;1.44087667
10.05.2011;1.4408;1.4365;1.43883;1.437665;1.43554333
11.05.2011;1.4191;1.4408;1.4365;1.43865;1.43871
12.05.2011;1.4246;1.4191;1.4408;1.42995;1.43213333
13.05.2011;1.4118;1.4246;1.4191;1.42185;1.42816667
15.05.2011;1.4066;1.4118;1.4246;1.4182;1.4185
16.05.2011;1.4155;1.4066;1.4118;1.4092;1.41433333
17.05.2011;1.4236;1.4155;1.4066;1.41105;1.4113
19.05.2011;1.4308;1.4248;1.4236;1.4242;1.4213
20.05.2011;1.416;1.4308;1.4248;1.4278;1.4264
22.05.2011;1.41163;1.416;1.4308;1.4234;1.42386667
23.05.2011;1.4047;1.41163;1.416;1.413815;1.41947667
24.05.2011;1.41;1.4047;1.41163;1.408165;1.41077667
25.05.2011;1.4087;1.41;1.4047;1.40735;1.40877667
29.05.2011;1.42896;1.4317;1.4143;1.423;1.41823333
30.05.2011;1.428;1.42896;1.4317;1.43033;1.42498667
31.05.2011;1.4393;1.428;1.42896;1.42848;1.42955333
02.06.2011;1.449;1.4327;1.4393;1.436;1.43333333
05.06.2011;1.46524;1.4635;1.449;1.45625;1.4484
07.06.2011;1.469;1.4575;1.46524;1.46137;1.46208
08.06.2011;1.4582;1.469;1.4575;1.46325;1.46391333
12.06.2011;1.43355;1.4346;1.4509;1.44275;1.4479
13.06.2011;1.4412;1.43355;1.4346;1.434075;1.43968333
14.06.2011;1.4439;1.4412;1.43355;1.437375;1.43645
15.06.2011;1.4178;1.4439;1.4412;1.44255;1.43955
16.06.2011;1.4207;1.4178;1.4439;1.43085;1.4343
19.06.2011;1.42576;1.431;1.4207;1.42585;1.42316667
20.06.2011;1.4304;1.42576;1.431;1.42838;1.42582
21.06.2011;1.441;1.4304;1.42576;1.42808;1.42905333
22.06.2011;1.4354;1.441;1.4304;1.4357;1.43238667
23.06.2011;1.4255;1.4354;1.441;1.4382;1.4356
24.06.2011;1.4187;1.4255;1.4354;1.43045;1.43396667
26.06.2011;1.41543;1.4187;1.4255;1.4221;1.42653333
27.06.2011;1.4287;1.41543;1.4187;1.417065;1.41987667
28.06.2011;1.4371;1.4287;1.41543;1.422065;1.42094333
30.06.2011;1.4502;1.4434;1.4371;1.44025;1.4364
01.07.2011;1.4527;1.4502;1.4434;1.4468;1.44356667
03.07.2011;1.45632;1.4527;1.4502;1.45145;1.44876667
04.07.2011;1.4538;1.45632;1.4527;1.45451;1.45307333
06.07.2011;1.4319;1.4428;1.4538;1.4483;1.45097333
07.07.2011;1.4362;1.4319;1.4428;1.43735;1.44283333
08.07.2011;1.4263;1.4362;1.4319;1.43405;1.43696667
10.07.2011;1.42113;1.4263;1.4362;1.43125;1.43146667
11.07.2011;1.4029;1.42113;1.4263;1.423715;1.42787667
12.07.2011;1.3975;1.4029;1.42113;1.412015;1.41677667
13.07.2011;1.4157;1.3975;1.4029;1.4002;1.40717667
14.07.2011;1.4142;1.4157;1.3975;1.4066;1.40536667
15.07.2011;1.4156;1.4142;1.4157;1.41495;1.40913333
17.07.2011;1.41258;1.4156;1.4142;1.4149;1.41516667
18.07.2011;1.4112;1.41258;1.4156;1.41409;1.41412667
19.07.2011;1.4153;1.4112;1.41258;1.41189;1.41312667
20.07.2011;1.4215;1.4153;1.4112;1.41325;1.41302667
21.07.2011;1.4424;1.4215;1.4153;1.4184;1.416
22.07.2011;1.4357;1.4424;1.4215;1.43195;1.4264
24.07.2011;1.43671;1.4357;1.4424;1.43905;1.4332
25.07.2011;1.4376;1.43671;1.4357;1.436205;1.43827
26.07.2011;1.4509;1.4376;1.43671;1.437155;1.43667
27.07.2011;1.4367;1.4509;1.4376;1.44425;1.44173667
28.07.2011;1.433;1.4367;1.4509;1.4438;1.44173333
29.07.2011;1.4397;1.433;1.4367;1.43485;1.4402
31.07.2011;1.43537;1.4397;1.433;1.43635;1.43646667
01.08.2011;1.4249;1.43537;1.4397;1.437535;1.43602333
02.08.2011;1.4202;1.4249;1.43537;1.430135;1.43332333
03.08.2011;1.4321;1.4202;1.4249;1.42255;1.42682333
05.08.2011;1.4281;1.409;1.4321;1.42055;1.42043333
07.08.2011;1.43073;1.4281;1.409;1.41855;1.42306667
08.08.2011;1.4177;1.43073;1.4281;1.429415;1.42261
10.08.2011;1.4177;1.4375;1.4177;1.4276;1.42864333
11.08.2011;1.424;1.4177;1.4375;1.4276;1.4243
12.08.2011;1.4245;1.424;1.4177;1.42085;1.4264
14.08.2011;1.42832;1.4245;1.424;1.42425;1.42206667
15.08.2011;1.4442;1.42832;1.4245;1.42641;1.42560667
16.08.2011;1.4407;1.4442;1.42832;1.43626;1.43234
17.08.2011;1.4425;1.4407;1.4442;1.44245;1.43774
19.08.2011;1.4395;1.4331;1.4425;1.4378;1.43876667
21.08.2011;1.43659;1.4395;1.4331;1.4363;1.43836667
22.08.2011;1.4358;1.43659;1.4395;1.438045;1.43639667
23.08.2011;1.444;1.4358;1.43659;1.436195;1.43729667
24.08.2011;1.4414;1.444;1.4358;1.4399;1.43879667
30.08.2011;1.4441;1.451;1.44801;1.449505;1.44960333
31.08.2011;1.4368;1.4441;1.451;1.44755;1.44770333
01.09.2011;1.4259;1.4368;1.4441;1.44045;1.44396667
04.09.2011;1.41478;1.4203;1.4259;1.4231;1.42766667
06.09.2011;1.3997;1.4097;1.41478;1.41224;1.41492667
07.09.2011;1.4097;1.3997;1.4097;1.4047;1.40806
08.09.2011;1.3882;1.4097;1.3997;1.4047;1.40636667
09.09.2011;1.3654;1.3882;1.4097;1.39895;1.3992
12.09.2011;1.3677;1.35819;1.3654;1.361795;1.37059667
13.09.2011;1.3678;1.3677;1.35819;1.362945;1.36376333
15.09.2011;1.3876;1.3754;1.3678;1.3716;1.3703
16.09.2011;1.3792;1.3876;1.3754;1.3815;1.37693333
20.09.2011;1.3703;1.3686;1.36809;1.368345;1.37196333
21.09.2011;1.3571;1.3703;1.3686;1.36945;1.36899667
22.09.2011;1.3465;1.3571;1.3703;1.3637;1.36533333
23.09.2011;1.3499;1.3465;1.3571;1.3518;1.35796667
25.09.2011;1.35156;1.3499;1.3465;1.3482;1.35116667
26.09.2011;1.3533;1.35156;1.3499;1.35073;1.34932
29.09.2011;1.3596;1.3543;1.3586;1.35645;1.3554
30.09.2011;1.3385;1.3596;1.3543;1.35695;1.3575
02.10.2011;1.3356;1.3385;1.3596;1.34905;1.3508
03.10.2011;1.3176;1.3356;1.3385;1.33705;1.34456667
04.10.2011;1.3348;1.3176;1.3356;1.3266;1.33056667
05.10.2011;1.3347;1.3348;1.3176;1.3262;1.32933333
06.10.2011;1.3436;1.3347;1.3348;1.33475;1.32903333
07.10.2011;1.3376;1.3436;1.3347;1.33915;1.3377
09.10.2011;1.33986;1.3376;1.3436;1.3406;1.33863333
10.10.2011;1.3642;1.33986;1.3376;1.33873;1.34035333
16.10.2011;1.38727;1.388;1.3776;1.3828;1.38156667
18.10.2011;1.3751;1.3737;1.38727;1.380485;1.38299
19.10.2011;1.376;1.3751;1.3737;1.3744;1.37869
23.10.2011;1.38495;1.3892;1.3779;1.38355;1.38103333
24.10.2011;1.3929;1.38495;1.3892;1.387075;1.38401667
25.10.2011;1.3907;1.3929;1.38495;1.388925;1.38901667
26.10.2011;1.3905;1.3907;1.3929;1.3918;1.38951667
27.10.2011;1.4188;1.3905;1.3907;1.3906;1.39136667
28.10.2011;1.4146;1.4188;1.3905;1.40465;1.4
30.10.2011;1.41374;1.4146;1.4188;1.4167;1.40796667
31.10.2011;1.3857;1.41374;1.4146;1.41417;1.41571333
02.11.2011;1.3747;1.3695;1.3857;1.3776;1.38964667
03.11.2011;1.3813;1.3747;1.3695;1.3721;1.37663333
04.11.2011;1.3789;1.3813;1.3747;1.378;1.37516667
06.11.2011;1.37861;1.3789;1.3813;1.3801;1.3783
07.11.2011;1.3764;1.37861;1.3789;1.378755;1.37960333
08.11.2011;1.3832;1.3764;1.37861;1.377505;1.37797
13.11.2011;1.37838;1.3746;1.3601;1.36735;1.36276667
14.11.2011;1.3628;1.37838;1.3746;1.37649;1.37102667
16.11.2011;1.3461;1.3539;1.3628;1.35835;1.36502667
18.11.2011;1.3507;1.3455;1.3461;1.3458;1.3485
21.11.2011;1.3488;1.3535;1.3507;1.3521;1.3499
22.11.2011;1.3506;1.3488;1.3535;1.35115;1.351
23.11.2011;1.3342;1.3506;1.3488;1.3497;1.35096667
24.11.2011;1.3346;1.3342;1.3506;1.3424;1.34453333
27.11.2011;1.33088;1.3235;1.3346;1.32905;1.33076667
28.11.2011;1.3319;1.33088;1.3235;1.32719;1.32966
30.11.2011;1.3445;1.3316;1.3319;1.33175;1.33146
02.12.2011;1.339;1.346;1.3445;1.34525;1.3407
04.12.2011;1.34161;1.339;1.346;1.3425;1.34316667
05.12.2011;1.34;1.34161;1.339;1.340305;1.34220333
06.12.2011;1.34;1.34;1.34161;1.340805;1.34020333
08.12.2011;1.3341;1.3411;1.34;1.34055;1.34036667
09.12.2011;1.3385;1.3341;1.3411;1.3376;1.3384
11.12.2011;1.33696;1.3385;1.3341;1.3363;1.3379
12.12.2011;1.3186;1.33696;1.3385;1.33773;1.33652
13.12.2011;1.3036;1.3186;1.33696;1.32778;1.33135333
14.12.2011;1.2982;1.3036;1.3186;1.3111;1.31972
16.12.2011;1.3046;1.3015;1.2982;1.29985;1.3011
19.12.2011;1.2997;1.30353;1.3046;1.304065;1.30321
21.12.2011;1.3046;1.3081;1.2997;1.3039;1.30377667
22.12.2011;1.305;1.3046;1.3081;1.30635;1.30413333
23.12.2011;1.304;1.305;1.3046;1.3048;1.3059
27.12.2011;1.3069;1.3058;1.304;1.3049;1.30493333
28.12.2011;1.2941;1.3069;1.3058;1.30635;1.30556667
29.12.2011;1.296;1.2941;1.3069;1.3005;1.30226667
30.12.2011;1.296;1.296;1.2941;1.29505;1.299
03.01.2012;1.3051;1.2933;1.296;1.29465;1.2951
05.01.2012;1.2787;1.2942;1.3051;1.29965;1.29753333
06.01.2012;1.2718;1.2787;1.2942;1.28645;1.29266667
08.01.2012;1.26784;1.2718;1.2787;1.27525;1.28156667
09.01.2012;1.2764;1.26784;1.2718;1.26982;1.27278
10.01.2012;1.2777;1.2764;1.26784;1.27212;1.27201333
11.01.2012;1.2705;1.2777;1.2764;1.27705;1.27398
12.01.2012;1.2814;1.2705;1.2777;1.2741;1.27486667
13.01.2012;1.2679;1.2814;1.2705;1.27595;1.27653333
15.01.2012;1.26471;1.2679;1.2814;1.27465;1.27326667
16.01.2012;1.2666;1.26471;1.2679;1.266305;1.27133667
18.01.2012;1.2863;1.2736;1.2666;1.2701;1.26830333
19.01.2012;1.2968;1.2863;1.2736;1.27995;1.2755
20.01.2012;1.293;1.2968;1.2863;1.29155;1.28556667
23.01.2012;1.3012;1.28865;1.293;1.290825;1.29281667
24.01.2012;1.3035;1.3012;1.28865;1.294925;1.29428333
25.01.2012;1.3106;1.3035;1.3012;1.30235;1.29778333
26.01.2012;1.3108;1.3106;1.3035;1.30705;1.3051
29.01.2012;1.32058;1.3218;1.3108;1.3163;1.3144
30.01.2012;1.3143;1.32058;1.3218;1.32119;1.31772667
31.01.2012;1.3083;1.3143;1.32058;1.31744;1.31889333
01.02.2012;1.3159;1.3083;1.3143;1.3113;1.31439333
02.02.2012;1.3143;1.3159;1.3083;1.3121;1.31283333
05.02.2012;1.31235;1.3157;1.3143;1.315;1.3153
06.02.2012;1.3129;1.31235;1.3157;1.314025;1.31411667
07.02.2012;1.326;1.3129;1.31235;1.312625;1.31365
08.02.2012;1.3259;1.326;1.3129;1.31945;1.31708333
10.02.2012;1.3196;1.3285;1.3259;1.3272;1.3268
12.02.2012;1.32391;1.3196;1.3285;1.32405;1.32466667
13.02.2012;1.3185;1.32391;1.3196;1.321755;1.32400333
14.02.2012;1.3132;1.3185;1.32391;1.321205;1.32067
16.02.2012;1.3129;1.3066;1.3132;1.3099;1.31276667
17.02.2012;1.3139;1.3129;1.3066;1.30975;1.3109
19.02.2012;1.32228;1.3139;1.3129;1.3134;1.31113333
22.02.2012;1.3248;1.3233;1.3242;1.32375;1.32326
23.02.2012;1.3372;1.3248;1.3233;1.32405;1.3241
26.02.2012;1.34669;1.3447;1.3372;1.34095;1.33556667
27.02.2012;1.3396;1.34669;1.3447;1.345695;1.34286333
28.02.2012;1.3457;1.3396;1.34669;1.343145;1.34366333
29.02.2012;1.3323;1.3457;1.3396;1.34265;1.34399667
01.03.2012;1.331;1.3323;1.3457;1.339;1.3392
02.03.2012;1.3197;1.331;1.3323;1.33165;1.33633333
05.03.2012;1.3216;1.31847;1.3197;1.319085;1.32305667
06.03.2012;1.3112;1.3216;1.31847;1.320035;1.31992333
07.03.2012;1.3149;1.3112;1.3216;1.3164;1.31709
08.03.2012;1.3274;1.3149;1.3112;1.31305;1.3159
09.03.2012;1.312;1.3274;1.3149;1.32115;1.31783333
11.03.2012;1.31214;1.312;1.3274;1.3197;1.3181
15.03.2012;1.308;1.3031;1.3083;1.3057;1.30886667
16.03.2012;1.3174;1.308;1.3031;1.30555;1.30646667
19.03.2012;1.3237;1.31758;1.3174;1.31749;1.31432667
20.03.2012;1.3223;1.3237;1.31758;1.32064;1.31956
21.03.2012;1.3215;1.3223;1.3237;1.323;1.32119333
22.03.2012;1.32;1.3215;1.3223;1.3219;1.3225
23.03.2012;1.3268;1.32;1.3215;1.32075;1.32126667
25.03.2012;1.32827;1.3268;1.32;1.3234;1.32276667
26.03.2012;1.3356;1.32827;1.3268;1.327535;1.32502333
27.03.2012;1.3313;1.3356;1.32827;1.331935;1.33022333
28.03.2012;1.3316;1.3313;1.3356;1.33345;1.33172333
29.03.2012;1.3302;1.3316;1.3313;1.33145;1.33283333
30.03.2012;1.3342;1.3302;1.3316;1.3309;1.33103333
02.04.2012;1.3319;1.3356;1.3342;1.3349;1.33333333
03.04.2012;1.3232;1.3319;1.3356;1.33375;1.3339
04.04.2012;1.3141;1.3232;1.3319;1.32755;1.33023333
05.04.2012;1.3064;1.3141;1.3232;1.31865;1.32306667
06.04.2012;1.3095;1.3064;1.3141;1.31025;1.31456667
08.04.2012;1.30851;1.3095;1.3064;1.30795;1.31
09.04.2012;1.3105;1.30851;1.3095;1.309005;1.30813667
12.04.2012;1.3187;1.3109;1.3081;1.3095;1.30983333
13.04.2012;1.3077;1.3187;1.3109;1.3148;1.31256667
16.04.2012;1.3141;1.30432;1.3077;1.30601;1.31024
18.04.2012;1.3122;1.3126;1.3141;1.31335;1.31034
19.04.2012;1.3136;1.3122;1.3126;1.3124;1.31296667
20.04.2012;1.3218;1.3136;1.3122;1.3129;1.3128
23.04.2012;1.3155;1.32066;1.3218;1.32123;1.31868667
24.04.2012;1.3196;1.3155;1.32066;1.31808;1.31932
25.04.2012;1.3215;1.3196;1.3155;1.31755;1.31858667
26.04.2012;1.3217;1.3215;1.3196;1.32055;1.31886667
27.04.2012;1.3251;1.3217;1.3215;1.3216;1.32093333
29.04.2012;1.3239;1.3251;1.3217;1.3234;1.32276667
30.04.2012;1.3239;1.3239;1.3251;1.3245;1.32356667
01.05.2012;1.3237;1.3239;1.3239;1.3239;1.3243
02.05.2012;1.3157;1.3237;1.3239;1.3238;1.32383333
03.05.2012;1.3151;1.3157;1.3237;1.3197;1.3211
04.05.2012;1.3082;1.3151;1.3157;1.3154;1.31816667
06.05.2012;1.29607;1.3082;1.3151;1.31165;1.313
07.05.2012;1.305;1.29607;1.3082;1.302135;1.30645667
09.05.2012;1.2929;1.3004;1.305;1.3027;1.30049
11.05.2012;1.2916;1.2935;1.2929;1.2932;1.2956
13.05.2012;1.28969;1.2916;1.2935;1.29255;1.29266667
14.05.2012;1.2822;1.28969;1.2916;1.290645;1.29159667
16.05.2012;1.2715;1.2728;1.2822;1.2775;1.28156333
17.05.2012;1.2697;1.2715;1.2728;1.27215;1.2755
18.05.2012;1.2778;1.2697;1.2715;1.2706;1.27133333
20.05.2012;1.27711;1.2778;1.2697;1.27375;1.273
21.05.2012;1.2816;1.27711;1.2778;1.277455;1.27487
22.05.2012;1.2682;1.2816;1.27711;1.279355;1.27883667
23.05.2012;1.258;1.2682;1.2816;1.2749;1.27563667
24.05.2012;1.2531;1.258;1.2682;1.2631;1.26926667
25.05.2012;1.2515;1.2531;1.258;1.25555;1.25976667
27.05.2012;1.25658;1.2515;1.2531;1.2523;1.2542
28.05.2012;1.254;1.25658;1.2515;1.25404;1.25372667
29.05.2012;1.2502;1.254;1.25658;1.25529;1.25402667
30.05.2012;1.2365;1.2502;1.254;1.2521;1.25359333
01.06.2012;1.2433;1.2363;1.2365;1.2364;1.241
05.06.2012;1.2451;1.2498;1.23978;1.24479;1.24429333
08.06.2012;1.2515;1.256;1.258;1.257;1.25303333
10.06.2012;1.26439;1.2515;1.256;1.25375;1.25516667
11.06.2012;1.2481;1.26439;1.2515;1.257945;1.25729667
12.06.2012;1.2503;1.2481;1.26439;1.256245;1.25466333
15.06.2012;1.2636;1.2632;1.2556;1.2594;1.25636667
17.06.2012;1.27037;1.2636;1.2632;1.2634;1.2608
18.06.2012;1.2575;1.27037;1.2636;1.266985;1.26572333
19.06.2012;1.2685;1.2575;1.27037;1.263935;1.26382333
20.06.2012;1.2705;1.2685;1.2575;1.263;1.26545667
22.06.2012;1.2569;1.2539;1.2705;1.2622;1.2643
24.06.2012;1.25376;1.2569;1.2539;1.2554;1.26043333
25.06.2012;1.2503;1.25376;1.2569;1.25533;1.25485333
26.06.2012;1.249;1.2503;1.25376;1.25203;1.25365333
29.06.2012;1.2666;1.2442;1.2468;1.2455;1.24666667
01.07.2012;1.2654;1.2666;1.2442;1.2554;1.25253333
03.07.2012;1.2606;1.2574;1.2654;1.2614;1.26313333
04.07.2012;1.2525;1.2606;1.2574;1.259;1.26113333
08.07.2012;1.22701;1.2286;1.2391;1.23385;1.24006667
10.07.2012;1.2249;1.2311;1.22701;1.229055;1.22890333
12.07.2012;1.2202;1.2238;1.2249;1.22435;1.2266
15.07.2012;1.22462;1.2248;1.2202;1.2225;1.22293333
16.07.2012;1.2271;1.22462;1.2248;1.22471;1.22320667
17.07.2012;1.2294;1.2271;1.22462;1.22586;1.22550667
18.07.2012;1.2283;1.2294;1.2271;1.22825;1.22704
19.07.2012;1.2279;1.2283;1.2294;1.22885;1.22826667
20.07.2012;1.2155;1.2279;1.2283;1.2281;1.22853333
25.07.2012;1.2158;1.206;1.2117;1.20885;1.21012667
26.07.2012;1.2281;1.2158;1.206;1.2109;1.21116667
27.07.2012;1.2321;1.2281;1.2158;1.22195;1.21663333
29.07.2012;1.2302;1.2321;1.2281;1.2301;1.22533333
31.07.2012;1.2303;1.2259;1.2302;1.22805;1.2294
01.08.2012;1.2224;1.2303;1.2259;1.2281;1.2288
02.08.2012;1.2179;1.2224;1.2303;1.22635;1.2262
03.08.2012;1.2385;1.2179;1.2224;1.22015;1.22353333
05.08.2012;1.24261;1.2385;1.2179;1.2282;1.22626667
06.08.2012;1.24;1.24261;1.2385;1.240555;1.23300333
07.08.2012;1.2398;1.24;1.24261;1.241305;1.24037
08.08.2012;1.2364;1.2398;1.24;1.2399;1.24080333
09.08.2012;1.2305;1.2364;1.2398;1.2381;1.23873333
10.08.2012;1.229;1.2305;1.2364;1.23345;1.23556667
14.08.2012;1.2321;1.2332;1.22743;1.230315;1.22987667
15.08.2012;1.2289;1.2321;1.2332;1.23265;1.23091
16.08.2012;1.2355;1.2289;1.2321;1.2305;1.2314
17.08.2012;1.2336;1.2355;1.2289;1.2322;1.23216667
19.08.2012;1.23314;1.2336;1.2355;1.23455;1.23266667
22.08.2012;1.2528;1.2472;1.2343;1.24075;1.23821333
23.08.2012;1.2562;1.2528;1.2472;1.25;1.24476667
24.08.2012;1.2511;1.2562;1.2528;1.2545;1.25206667
26.08.2012;1.25045;1.2511;1.2562;1.25365;1.25336667
27.08.2012;1.2498;1.25045;1.2511;1.250775;1.25258333
28.08.2012;1.2564;1.2498;1.25045;1.250125;1.25045
29.08.2012;1.2529;1.2564;1.2498;1.2531;1.25221667
30.08.2012;1.2506;1.2529;1.2564;1.25465;1.25303333
31.08.2012;1.2573;1.2506;1.2529;1.25175;1.2533
02.09.2012;1.25729;1.2573;1.2506;1.25395;1.2536
03.09.2012;1.2592;1.25729;1.2573;1.257295;1.25506333
04.09.2012;1.2565;1.2592;1.25729;1.258245;1.25793
07.09.2012;1.2816;1.263;1.26;1.2615;1.25983333
09.09.2012;1.2795;1.2816;1.263;1.2723;1.2682
11.09.2012;1.2854;1.2759;1.2795;1.2777;1.279
12.09.2012;1.2899;1.2854;1.2759;1.28065;1.28026667
17.09.2012;1.3117;1.3128;1.2987;1.30575;1.30046667
18.09.2012;1.30472;1.3117;1.3128;1.31225;1.30773333
19.09.2012;1.30475;1.30472;1.3117;1.30821;1.30974
20.09.2012;1.2967;1.30475;1.30472;1.304735;1.30705667
21.09.2012;1.29785;1.2967;1.30475;1.300725;1.30205667
24.09.2012;1.29294;1.29785;1.2967;1.297275;1.29976667
26.09.2012;1.2871;1.29003;1.29294;1.291485;1.29360667
27.09.2012;1.29127;1.2871;1.29003;1.288565;1.29002333
28.09.2012;1.28562;1.29127;1.2871;1.289185;1.28946667
01.10.2012;1.28872;1.28562;1.29127;1.288445;1.28799667
02.10.2012;1.29191;1.28872;1.28562;1.28717;1.28853667
04.10.2012;1.30168;1.29047;1.29191;1.29119;1.29036667
05.10.2012;1.30324;1.30168;1.29047;1.296075;1.29468667
09.10.2012;1.28833;1.29675;1.30324;1.299995;1.30055667
10.10.2012;1.28737;1.28833;1.29675;1.29254;1.29610667
11.10.2012;1.29271;1.28737;1.28833;1.28785;1.29081667
12.10.2012;1.29519;1.29271;1.28737;1.29004;1.28947
15.10.2012;1.29487;1.29519;1.29271;1.29395;1.29175667
17.10.2012;1.31177;1.30525;1.29487;1.30006;1.29843667
18.10.2012;1.30656;1.31177;1.30525;1.30851;1.30396333
19.10.2012;1.30202;1.30656;1.31177;1.309165;1.30786
22.10.2012;1.30586;1.30202;1.30656;1.30429;1.30678333
23.10.2012;1.29854;1.30586;1.30202;1.30394;1.30481333
25.10.2012;1.29322;1.29705;1.29854;1.297795;1.30048333
26.10.2012;1.29395;1.29322;1.29705;1.295135;1.29627
29.10.2012;1.29023;1.29395;1.29322;1.293585;1.29474
31.10.2012;1.29589;1.2956;1.29023;1.292915;1.29326
01.11.2012;1.29416;1.29589;1.2956;1.295745;1.29390667
02.11.2012;1.28379;1.29416;1.29589;1.295025;1.29521667
06.11.2012;1.28129;1.27951;1.28379;1.28165;1.28582
07.11.2012;1.27701;1.28129;1.27951;1.2804;1.28153
08.11.2012;1.27456;1.27701;1.28129;1.27915;1.27927
09.11.2012;1.27087;1.27456;1.27701;1.275785;1.27762
12.11.2012;1.27085;1.27087;1.27456;1.272715;1.27414667
13.11.2012;1.27032;1.27085;1.27087;1.27086;1.27209333
14.11.2012;1.27344;1.27032;1.27085;1.270585;1.27068
15.11.2012;1.27785;1.27344;1.27032;1.27188;1.27153667
19.11.2012;1.28123;1.27396;1.27785;1.275905;1.27508333
20.11.2012;1.28166;1.28123;1.27396;1.277595;1.27768
22.11.2012;1.28817;1.28249;1.28166;1.282075;1.28179333
23.11.2012;1.29704;1.28817;1.28249;1.28533;1.28410667
26.11.2012;1.29708;1.29704;1.28817;1.292605;1.28923333
27.11.2012;1.29416;1.29708;1.29704;1.29706;1.29409667
30.11.2012;1.29856;1.29778;1.29516;1.29647;1.2957
05.12.2012;1.3066;1.30928;1.30514;1.30721;1.30432667
06.12.2012;1.29671;1.3066;1.30928;1.30794;1.30700667
10.12.2012;1.29397;1.29242;1.29671;1.294565;1.29857667
11.12.2012;1.30043;1.29397;1.29242;1.293195;1.29436667
12.12.2012;1.30728;1.30043;1.29397;1.2972;1.29560667
14.12.2012;1.31604;1.30762;1.30728;1.30745;1.30511
18.12.2012;1.32266;1.31621;1.31604;1.316125;1.31329
19.12.2012;1.32261;1.32266;1.31621;1.319435;1.31830333
20.12.2012;1.3243;1.32261;1.32266;1.322635;1.32049333
21.12.2012;1.31882;1.3243;1.32261;1.323455;1.32319
24.12.2012;1.31919;1.31882;1.3243;1.32156;1.32191
26.12.2012;1.32236;1.31919;1.31882;1.319005;1.32077
28.12.2012;1.32159;1.32346;1.32236;1.32291;1.32167
31.12.2012;1.3192;1.32159;1.32346;1.322525;1.32247
03.01.2013;1.3048;1.31859;1.3192;1.318895;1.31979333
04.01.2013;1.30657;1.3048;1.31859;1.311695;1.31419667
07.01.2013;1.31152;1.30657;1.3048;1.305685;1.30998667
09.01.2013;1.30631;1.30803;1.31152;1.309775;1.30870667
10.01.2013;1.32706;1.30631;1.30803;1.30717;1.30862
11.01.2013;1.33421;1.32706;1.30631;1.316685;1.3138
14.01.2013;1.33799;1.33421;1.32706;1.330635;1.32252667
15.01.2013;1.33039;1.33799;1.33421;1.3361;1.33308667
17.01.2013;1.33723;1.32879;1.33039;1.32959;1.33239
18.01.2013;1.33175;1.33723;1.32879;1.33301;1.33213667
21.01.2013;1.33115;1.33175;1.33723;1.33449;1.33259
22.01.2013;1.33205;1.33115;1.33175;1.33145;1.33337667
23.01.2013;1.33171;1.33205;1.33115;1.3316;1.33165
25.01.2013;1.3461;1.33752;1.33171;1.334615;1.33376
30.01.2013;1.35661;1.34903;1.34544;1.347235;1.34685667
31.01.2013;1.3576;1.35661;1.34903;1.35282;1.35036
05.02.2013;1.35808;1.35113;1.36386;1.357495;1.35753
07.02.2013;1.3396;1.35195;1.35808;1.355015;1.35372
08.02.2013;1.33621;1.3396;1.35195;1.345775;1.34987667
11.02.2013;1.3405;1.33621;1.3396;1.337905;1.34258667
12.02.2013;1.34536;1.3405;1.33621;1.338355;1.33877
13.02.2013;1.34494;1.34536;1.3405;1.34293;1.34069
15.02.2013;1.33558;1.33623;1.34494;1.340585;1.34217667
18.02.2013;1.33502;1.33558;1.33623;1.335905;1.33891667
19.02.2013;1.33855;1.33502;1.33558;1.3353;1.33561
20.02.2013;1.32809;1.33855;1.33502;1.336785;1.33638333
21.02.2013;1.3188;1.32809;1.33855;1.33332;1.33388667
22.02.2013;1.31888;1.3188;1.32809;1.323445;1.32848
25.02.2013;1.30611;1.31888;1.3188;1.31884;1.32192333
27.02.2013;1.31378;1.30598;1.30611;1.306045;1.31032333
01.03.2013;1.30178;1.30555;1.31378;1.309665;1.30843667
04.03.2013;1.30247;1.30178;1.30555;1.303665;1.30703667
05.03.2013;1.30503;1.30247;1.30178;1.302125;1.30326667
07.03.2013;1.31061;1.29658;1.30503;1.300805;1.30136
08.03.2013;1.30011;1.31061;1.29658;1.303595;1.30407333
11.03.2013;1.3045;1.30011;1.31061;1.30536;1.30243333
12.03.2013;1.30329;1.3045;1.30011;1.302305;1.30507333
14.03.2013;1.30031;1.296;1.30329;1.299645;1.30126333
15.03.2013;1.30716;1.30031;1.296;1.298155;1.29986667
18.03.2013;1.29549;1.30716;1.30031;1.303735;1.30115667
20.03.2013;1.29317;1.28797;1.29549;1.29173;1.29687333
21.03.2013;1.28963;1.29317;1.28797;1.29057;1.29221
25.03.2013;1.28517;1.29789;1.28963;1.29376;1.29356333
26.03.2013;1.28599;1.28517;1.29789;1.29153;1.29089667
27.03.2013;1.27793;1.28599;1.28517;1.28558;1.28968333
28.03.2013;1.2815;1.27793;1.28599;1.28196;1.28303
29.03.2013;1.28154;1.2815;1.27793;1.279715;1.28180667
01.04.2013;1.28465;1.28154;1.2815;1.28152;1.28032333
02.04.2013;1.28175;1.28465;1.28154;1.283095;1.28256333
03.04.2013;1.28465;1.28175;1.28465;1.2832;1.28264667
04.04.2013;1.29352;1.28465;1.28175;1.2832;1.28368333
05.04.2013;1.29919;1.29352;1.28465;1.289085;1.28664
09.04.2013;1.30813;1.30073;1.29919;1.29996;1.29781333
10.04.2013;1.30691;1.30813;1.30073;1.30443;1.30268333
11.04.2013;1.30978;1.30691;1.30813;1.30752;1.30525667
12.04.2013;1.31056;1.30978;1.30691;1.308345;1.30827333
15.04.2013;1.3032;1.31056;1.30978;1.31017;1.30908333
16.04.2013;1.31752;1.3032;1.31056;1.30688;1.30784667
17.04.2013;1.30281;1.31752;1.3032;1.31036;1.31042667
18.04.2013;1.30481;1.30281;1.31752;1.310165;1.30784333
22.04.2013;1.3065;1.30504;1.30481;1.304925;1.30422
24.04.2013;1.30145;1.29913;1.3065;1.302815;1.30355667
25.04.2013;1.30108;1.30145;1.29913;1.30029;1.30236
30.04.2013;1.31669;1.30968;1.30284;1.30626;1.30453333
01.05.2013;1.31782;1.31669;1.30968;1.313185;1.30973667
02.05.2013;1.30646;1.31782;1.31669;1.317255;1.31473
03.05.2013;1.31131;1.30646;1.31782;1.31214;1.31365667
06.05.2013;1.30757;1.31131;1.30646;1.308885;1.31186333
07.05.2013;1.30786;1.30757;1.31131;1.30944;1.30844667
08.05.2013;1.31523;1.30786;1.30757;1.307715;1.30891333
09.05.2013;1.30414;1.31523;1.30786;1.311545;1.31022
10.05.2013;1.29879;1.30414;1.31523;1.309685;1.30907667
13.05.2013;1.29746;1.29879;1.30414;1.301465;1.30605333
15.05.2013;1.2886;1.2917;1.29746;1.29458;1.29598333
16.05.2013;1.28814;1.2886;1.2917;1.29015;1.29258667
17.05.2013;1.28378;1.28814;1.2886;1.28837;1.28948
20.05.2013;1.28814;1.28378;1.28814;1.28596;1.28684
22.05.2013;1.28575;1.29055;1.28814;1.289345;1.28749
23.05.2013;1.29335;1.28575;1.29055;1.28815;1.28814667
24.05.2013;1.29303;1.29335;1.28575;1.28955;1.28988333
28.05.2013;1.28552;1.29291;1.29303;1.29297;1.29309667
29.05.2013;1.29389;1.28552;1.29291;1.289215;1.29048667
30.05.2013;1.30477;1.29389;1.28552;1.289705;1.29077333
31.05.2013;1.29963;1.30477;1.29389;1.29933;1.29472667
03.06.2013;1.30775;1.29963;1.30477;1.3022;1.29943
04.06.2013;1.30806;1.30775;1.29963;1.30369;1.30405
06.06.2013;1.32458;1.3092;1.30806;1.30863;1.30833667
07.06.2013;1.32163;1.32458;1.3092;1.31689;1.31394667
10.06.2013;1.3256;1.32163;1.32458;1.323105;1.31847
11.06.2013;1.33142;1.3256;1.32163;1.323615;1.32393667
12.06.2013;1.33364;1.33142;1.3256;1.32851;1.32621667
17.06.2013;1.33651;1.33429;1.33757;1.33593;1.33516667
19.06.2013;1.3295;1.33938;1.33651;1.337945;1.33672667
20.06.2013;1.32187;1.3295;1.33938;1.33444;1.33513
21.06.2013;1.3123;1.32187;1.3295;1.325685;1.33025
24.06.2013;1.31191;1.3123;1.32187;1.317085;1.32122333
25.06.2013;1.30822;1.31191;1.3123;1.312105;1.31536
26.06.2013;1.30119;1.30822;1.31191;1.310065;1.31081
28.06.2013;1.30084;1.30385;1.30119;1.30252;1.30442
02.07.2013;1.29788;1.30629;1.30084;1.303565;1.30366
03.07.2013;1.301;1.29788;1.30629;1.302085;1.30167
05.07.2013;1.28313;1.29132;1.301;1.29616;1.29673333
08.07.2013;1.28702;1.28313;1.29132;1.287225;1.29181667
09.07.2013;1.27805;1.28702;1.28313;1.285075;1.28715667
11.07.2013;1.30971;1.2976;1.27805;1.287825;1.28755667
15.07.2013;1.30623;1.3068;1.30971;1.308255;1.30470333
16.07.2013;1.31618;1.30623;1.3068;1.306515;1.30758
17.07.2013;1.31249;1.31618;1.30623;1.311205;1.30973667
18.07.2013;1.31087;1.31249;1.31618;1.314335;1.31163333
19.07.2013;1.31431;1.31087;1.31249;1.31168;1.31318
22.07.2013;1.31855;1.31431;1.31087;1.31259;1.31255667
23.07.2013;1.32233;1.31855;1.31431;1.31643;1.31457667
24.07.2013;1.32002;1.32233;1.31855;1.32044;1.31839667
25.07.2013;1.32772;1.32002;1.32233;1.321175;1.3203
26.07.2013;1.32778;1.32772;1.32002;1.32387;1.32335667
29.07.2013;1.32623;1.32778;1.32772;1.32775;1.32517333
30.07.2013;1.32624;1.32623;1.32778;1.327005;1.32724333
02.08.2013;1.32812;1.32079;1.33019;1.32549;1.32574
05.08.2013;1.32585;1.32812;1.32079;1.324455;1.32636667
06.08.2013;1.33053;1.32585;1.32812;1.326985;1.32492
07.08.2013;1.33361;1.33053;1.32585;1.32819;1.32816667
08.08.2013;1.33805;1.33361;1.33053;1.33207;1.32999667
09.08.2013;1.33403;1.33805;1.33361;1.33583;1.33406333
12.08.2013;1.33;1.33403;1.33805;1.33604;1.33523
13.08.2013;1.32632;1.33;1.33403;1.332015;1.33402667
14.08.2013;1.32544;1.32632;1.33;1.32816;1.33011667
15.08.2013;1.33445;1.32544;1.32632;1.32588;1.32725333
16.08.2013;1.33262;1.33445;1.32544;1.329945;1.32873667
19.08.2013;1.3335;1.33262;1.33445;1.333535;1.33083667
20.08.2013;1.3417;1.3335;1.33262;1.33306;1.33352333
22.08.2013;1.33564;1.33553;1.3417;1.338615;1.33691
23.08.2013;1.33802;1.33564;1.33553;1.335585;1.33762333
26.08.2013;1.3369;1.33802;1.33564;1.33683;1.33639667
27.08.2013;1.33929;1.3369;1.33802;1.33746;1.33685333
28.08.2013;1.33395;1.33929;1.3369;1.338095;1.33807
29.08.2013;1.32403;1.33395;1.33929;1.33662;1.33671333
30.08.2013;1.32199;1.32403;1.33395;1.32899;1.33242333
03.09.2013;1.31702;1.31915;1.32199;1.32057;1.32172333
04.09.2013;1.3207;1.31702;1.31915;1.318085;1.31938667
05.09.2013;1.31202;1.3207;1.31702;1.31886;1.31895667
06.09.2013;1.31782;1.31202;1.3207;1.31636;1.31658
09.09.2013;1.32549;1.31782;1.31202;1.31492;1.31684667
11.09.2013;1.33113;1.32672;1.32549;1.326105;1.32334333
12.09.2013;1.32988;1.33113;1.32672;1.328925;1.32778
16.09.2013;1.3334;1.32967;1.32988;1.329775;1.33022667
18.09.2013;1.35226;1.33591;1.3334;1.334655;1.33299333
19.09.2013;1.35292;1.35226;1.33591;1.344085;1.34052333
20.09.2013;1.3526;1.35292;1.35226;1.35259;1.34703
23.09.2013;1.34929;1.3526;1.35292;1.35276;1.35259333
24.09.2013;1.34733;1.34929;1.3526;1.350945;1.35160333
26.09.2013;1.34887;1.35256;1.34733;1.349945;1.34972667
27.09.2013;1.3522;1.34887;1.35256;1.350715;1.34958667
30.09.2013;1.35254;1.3522;1.34887;1.350535;1.35121
01.10.2013;1.35255;1.35254;1.3522;1.35237;1.35120333
02.10.2013;1.35786;1.35255;1.35254;1.352545;1.35243
03.10.2013;1.36184;1.35786;1.35255;1.355205;1.35431667
04.10.2013;1.35553;1.36184;1.35786;1.35985;1.35741667
07.10.2013;1.35812;1.35553;1.36184;1.358685;1.35841
08.10.2013;1.35735;1.35812;1.35553;1.356825;1.35849667
09.10.2013;1.3524;1.35735;1.35812;1.357735;1.357
10.10.2013;1.35196;1.3524;1.35735;1.354875;1.35595667
14.10.2013;1.35608;1.35421;1.35196;1.353085;1.35285667
16.10.2013;1.35325;1.35235;1.35608;1.354215;1.35421333
17.10.2013;1.36753;1.35325;1.35235;1.3528;1.35389333
18.10.2013;1.36832;1.36753;1.35325;1.36039;1.35771
21.10.2013;1.36793;1.36832;1.36753;1.367925;1.36303333
22.10.2013;1.37807;1.36793;1.36832;1.368125;1.36792667
23.10.2013;1.37756;1.37807;1.36793;1.373;1.37144
24.10.2013;1.38012;1.37756;1.37807;1.377815;1.37452
25.10.2013;1.38028;1.38012;1.37756;1.37884;1.37858333
28.10.2013;1.37854;1.38028;1.38012;1.3802;1.37932
30.10.2013;1.37356;1.37451;1.37854;1.376525;1.37777667
31.10.2013;1.3583;1.37356;1.37451;1.374035;1.37553667
04.11.2013;1.35143;1.3487;1.3583;1.3535;1.36018667
05.11.2013;1.34742;1.35143;1.3487;1.350065;1.35281
06.11.2013;1.35136;1.34742;1.35143;1.349425;1.34918333
07.11.2013;1.34192;1.35136;1.34742;1.34939;1.35007
12.11.2013;1.34354;1.34061;1.33669;1.33865;1.33974
13.11.2013;1.34854;1.34354;1.34061;1.342075;1.34028
14.11.2013;1.34598;1.34854;1.34354;1.34604;1.34423
19.11.2013;1.35385;1.35055;1.34954;1.350045;1.34869
20.11.2013;1.34393;1.35385;1.35055;1.3522;1.35131333
22.11.2013;1.35565;1.34809;1.34393;1.34601;1.34862333
25.11.2013;1.35167;1.35565;1.34809;1.35187;1.34922333
26.11.2013;1.35724;1.35167;1.35565;1.35366;1.35180333
27.11.2013;1.35795;1.35724;1.35167;1.354455;1.35485333
28.11.2013;1.36045;1.35795;1.35724;1.357595;1.35562
29.11.2013;1.35903;1.36045;1.35795;1.3592;1.35854667
03.12.2013;1.35898;1.35417;1.35903;1.3566;1.35788333
05.12.2013;1.36671;1.35934;1.35898;1.35916;1.35749667
06.12.2013;1.3705;1.36671;1.35934;1.363025;1.36167667
09.12.2013;1.37384;1.3705;1.36671;1.368605;1.36551667
11.12.2013;1.3786;1.37608;1.37384;1.37496;1.37347333
13.12.2013;1.37412;1.37533;1.3786;1.376965;1.37667
17.12.2013;1.3768;1.37603;1.37412;1.375075;1.37516
18.12.2013;1.36835;1.3768;1.37603;1.376415;1.37565
19.12.2013;1.3661;1.36835;1.3768;1.372575;1.37372667
20.12.2013;1.36715;1.3661;1.36835;1.367225;1.37041667
23.12.2013;1.36955;1.36715;1.3661;1.366625;1.3672
26.12.2013;1.3691;1.36756;1.36955;1.368555;1.36808667
27.12.2013;1.37448;1.3691;1.36756;1.36833;1.36873667
31.12.2013;1.37498;1.38033;1.37448;1.377405;1.37463667
02.01.2014;1.36716;1.3756;1.37498;1.37529;1.37697
03.01.2014;1.35877;1.36716;1.3756;1.37138;1.37258
07.01.2014;1.36156;1.36277;1.35877;1.36077;1.3629
08.01.2014;1.35748;1.36156;1.36277;1.362165;1.36103333
09.01.2014;1.36069;1.35748;1.36156;1.35952;1.36060333
10.01.2014;1.36687;1.36069;1.35748;1.359085;1.35991
13.01.2014;1.36716;1.36687;1.36069;1.36378;1.36168
14.01.2014;1.36794;1.36716;1.36687;1.367015;1.36490667
15.01.2014;1.3605;1.36794;1.36716;1.36755;1.36732333
16.01.2014;1.36199;1.3605;1.36794;1.36422;1.3652
17.01.2014;1.35409;1.36199;1.3605;1.361245;1.36347667
20.01.2014;1.35519;1.35409;1.36199;1.35804;1.35886
22.01.2014;1.3547;1.35615;1.35519;1.35567;1.35514333
23.01.2014;1.36966;1.3547;1.35615;1.355425;1.35534667
24.01.2014;1.36771;1.36966;1.3547;1.36218;1.36017
27.01.2014;1.36735;1.36771;1.36966;1.368685;1.36402333
28.01.2014;1.367;1.36735;1.36771;1.36753;1.36824
29.01.2014;1.3664;1.367;1.36735;1.367175;1.36735333
30.01.2014;1.35545;1.3664;1.367;1.3667;1.36691667
31.01.2014;1.34864;1.35545;1.3664;1.360925;1.36295
03.02.2014;1.3525;1.34864;1.35545;1.352045;1.35683
05.02.2014;1.35333;1.35183;1.3525;1.352165;1.35099
06.02.2014;1.35898;1.35333;1.35183;1.35258;1.35255333
07.02.2014;1.36347;1.35898;1.35333;1.356155;1.35471333
10.02.2014;1.36453;1.36347;1.35898;1.361225;1.35859333
12.02.2014;1.35932;1.36374;1.36453;1.364135;1.36391333
13.02.2014;1.36804;1.35932;1.36374;1.36153;1.36253
17.02.2014;1.37066;1.36927;1.36804;1.368655;1.36554333
18.02.2014;1.37586;1.37066;1.36927;1.369965;1.36932333
19.02.2014;1.37331;1.37586;1.37066;1.37326;1.37193
20.02.2014;1.3718;1.37331;1.37586;1.374585;1.37327667
24.02.2014;1.3735;1.37383;1.3718;1.372815;1.37298
25.02.2014;1.3745;1.3735;1.37383;1.373665;1.37304333
26.02.2014;1.36868;1.3745;1.3735;1.374;1.37394333
27.02.2014;1.37102;1.36868;1.3745;1.37159;1.37222667
03.03.2014;1.37349;1.38011;1.37102;1.375565;1.37327
04.03.2014;1.37417;1.37349;1.38011;1.3768;1.37487333
06.03.2014;1.38588;1.37337;1.37417;1.37377;1.37367667
07.03.2014;1.3877;1.38588;1.37337;1.379625;1.37780667
10.03.2014;1.38767;1.3877;1.38588;1.38679;1.38231667
11.03.2014;1.38596;1.38767;1.3877;1.387685;1.38708333
12.03.2014;1.39041;1.38596;1.38767;1.386815;1.38711
13.03.2014;1.38692;1.39041;1.38596;1.388185;1.38801333
14.03.2014;1.39105;1.38692;1.39041;1.388665;1.38776333
17.03.2014;1.39223;1.39105;1.38692;1.388985;1.38946
18.03.2014;1.39342;1.39223;1.39105;1.39164;1.39006667
19.03.2014;1.38329;1.39342;1.39223;1.392825;1.39223333
20.03.2014;1.37784;1.38329;1.39342;1.388355;1.38964667
21.03.2014;1.37927;1.37784;1.38329;1.380565;1.38485
26.03.2014;1.37845;1.38256;1.38397;1.383265;1.38193333
27.03.2014;1.37408;1.37845;1.38256;1.380505;1.38166
31.03.2014;1.37713;1.37524;1.37408;1.37466;1.37592333
01.04.2014;1.37919;1.37713;1.37524;1.376185;1.37548333
02.04.2014;1.37668;1.37919;1.37713;1.37816;1.37718667
08.04.2014;1.37973;1.37414;1.37027;1.372205;1.37214333
09.04.2014;1.38553;1.37973;1.37414;1.376935;1.37471333
10.04.2014;1.38871;1.38553;1.37973;1.38263;1.3798
11.04.2014;1.38853;1.38871;1.38553;1.38712;1.38465667
14.04.2014;1.38204;1.38853;1.38871;1.38862;1.38759
15.04.2014;1.38148;1.38204;1.38853;1.385285;1.38642667
16.04.2014;1.38155;1.38148;1.38204;1.38176;1.38401667
17.04.2014;1.38136;1.38155;1.38148;1.381515;1.38169
21.04.2014;1.37939;1.3814;1.38136;1.38138;1.38143667
22.04.2014;1.38052;1.37939;1.3814;1.380395;1.38071667
23.04.2014;1.38173;1.38052;1.37939;1.379955;1.38043667
24.04.2014;1.38321;1.38173;1.38052;1.381125;1.38054667
25.04.2014;1.38345;1.38321;1.38173;1.38247;1.38182
29.04.2014;1.38123;1.38514;1.38345;1.384295;1.38393333
30.04.2014;1.38672;1.38123;1.38514;1.383185;1.38327333
01.05.2014;1.38689;1.38672;1.38123;1.383975;1.38436333
02.05.2014;1.38736;1.38689;1.38672;1.386805;1.38494667
05.05.2014;1.38753;1.38736;1.38689;1.387125;1.38699
06.05.2014;1.39271;1.38753;1.38736;1.387445;1.38726
07.05.2014;1.39104;1.39271;1.38753;1.39012;1.3892
08.05.2014;1.38404;1.39104;1.39271;1.391875;1.39042667
09.05.2014;1.37605;1.38404;1.39104;1.38754;1.38926333
12.05.2014;1.37574;1.37605;1.38404;1.380045;1.38371
13.05.2014;1.37032;1.37574;1.37605;1.375895;1.37861
15.05.2014;1.37101;1.37139;1.37032;1.370855;1.37248333
16.05.2014;1.36951;1.37101;1.37139;1.3712;1.37090667
19.05.2014;1.37092;1.36951;1.37101;1.37026;1.37063667
20.05.2014;1.37009;1.37092;1.36951;1.370215;1.37048
21.05.2014;1.36861;1.37009;1.37092;1.370505;1.37017333
22.05.2014;1.36558;1.36861;1.37009;1.36935;1.36987333
26.05.2014;1.36454;1.36321;1.36558;1.364395;1.3658
27.05.2014;1.36349;1.36454;1.36321;1.363875;1.36444333
29.05.2014;1.36014;1.35906;1.36349;1.361275;1.36236333
30.05.2014;1.36328;1.36014;1.35906;1.3596;1.36089667
02.06.2014;1.35965;1.36328;1.36014;1.36171;1.36082667
04.06.2014;1.35987;1.36268;1.35965;1.361165;1.36187
05.06.2014;1.36603;1.35987;1.36268;1.361275;1.36073333
06.06.2014;1.36427;1.36603;1.35987;1.36295;1.36286
09.06.2014;1.35938;1.36427;1.36603;1.36515;1.36339
10.06.2014;1.35466;1.35938;1.36427;1.361825;1.36322667
11.06.2014;1.35311;1.35466;1.35938;1.35702;1.35943667
12.06.2014;1.35527;1.35311;1.35466;1.353885;1.35571667
13.06.2014;1.35404;1.35527;1.35311;1.35419;1.35434667
16.06.2014;1.35735;1.35404;1.35527;1.354655;1.35414
17.06.2014;1.35471;1.35735;1.35404;1.355695;1.35555333
18.06.2014;1.35953;1.35471;1.35735;1.35603;1.35536667
19.06.2014;1.36072;1.35953;1.35471;1.35712;1.35719667
20.06.2014;1.35997;1.36072;1.35953;1.360125;1.35832
23.06.2014;1.36029;1.35997;1.36072;1.360345;1.36007333
24.06.2014;1.36073;1.36029;1.35997;1.36013;1.36032667
25.06.2014;1.36282;1.36073;1.36029;1.36051;1.36033
26.06.2014;1.36116;1.36282;1.36073;1.361775;1.36128
27.06.2014;1.36486;1.36116;1.36282;1.36199;1.36157
30.06.2014;1.36925;1.36486;1.36116;1.36301;1.36294667
01.07.2014;1.3679;1.36925;1.36486;1.367055;1.36509
02.07.2014;1.36595;1.3679;1.36925;1.368575;1.36733667
03.07.2014;1.36103;1.36595;1.3679;1.366925;1.3677
04.07.2014;1.35944;1.36103;1.36595;1.36349;1.36496
08.07.2014;1.36116;1.36045;1.35944;1.359945;1.36030667
09.07.2014;1.36415;1.36116;1.36045;1.360805;1.36035
10.07.2014;1.36088;1.36415;1.36116;1.362655;1.36192
14.07.2014;1.3619;1.36078;1.36088;1.36083;1.36193667
15.07.2014;1.35697;1.3619;1.36078;1.36134;1.36118667
16.07.2014;1.35258;1.35697;1.3619;1.359435;1.35988333
18.07.2014;1.35241;1.3526;1.35258;1.35259;1.35405
21.07.2014;1.35236;1.35241;1.3526;1.352505;1.35253
22.07.2014;1.34656;1.35236;1.35241;1.352385;1.35245667
23.07.2014;1.34634;1.34656;1.35236;1.34946;1.35044333
24.07.2014;1.34629;1.34634;1.34656;1.34645;1.34842
04.08.2014;1.34213;1.34296;1.33893;1.340945;1.34051
05.08.2014;1.33759;1.34213;1.34296;1.342545;1.34134
06.08.2014;1.33824;1.33759;1.34213;1.33986;1.34089333
07.08.2014;1.33632;1.33824;1.33759;1.337915;1.33932
08.08.2014;1.34105;1.33632;1.33824;1.33728;1.33738333
11.08.2014;1.33844;1.34105;1.33632;1.338685;1.33853667
13.08.2014;1.33636;1.33685;1.33844;1.337645;1.33878
14.08.2014;1.33648;1.33636;1.33685;1.336605;1.33721667
18.08.2014;1.33635;1.33999;1.33648;1.338235;1.33761
21.08.2014;1.32812;1.32598;1.33202;1.329;1.33145
22.08.2014;1.32419;1.32812;1.32598;1.32705;1.32870667
26.08.2014;1.31674;1.3192;1.32419;1.321695;1.32383667
27.08.2014;1.31928;1.31674;1.3192;1.31797;1.32004333
28.08.2014;1.31821;1.31928;1.31674;1.31801;1.31840667
02.09.2014;1.31334;1.31286;1.31324;1.31305;1.31477
03.09.2014;1.31502;1.31334;1.31286;1.3131;1.31314667
04.09.2014;1.29427;1.31502;1.31334;1.31418;1.31374
05.09.2014;1.29519;1.29427;1.31502;1.304645;1.30754333
08.09.2014;1.28951;1.29519;1.29427;1.29473;1.30149333
09.09.2014;1.29389;1.28951;1.29519;1.29235;1.29299
10.09.2014;1.29163;1.29389;1.28951;1.2917;1.29286333
12.09.2014;1.29636;1.2923;1.29163;1.291965;1.29260667
16.09.2014;1.29594;1.29402;1.29636;1.29519;1.29422667
17.09.2014;1.28651;1.29594;1.29402;1.29498;1.29544
18.09.2014;1.2922;1.28651;1.29594;1.291225;1.29215667
19.09.2014;1.28277;1.2922;1.28651;1.289355;1.29155
22.09.2014;1.28489;1.28277;1.2922;1.287485;1.28716
23.09.2014;1.28487;1.28489;1.28277;1.28383;1.28662
24.09.2014;1.27804;1.28487;1.28489;1.28488;1.28417667
25.09.2014;1.27507;1.27804;1.28487;1.281455;1.2826
26.09.2014;1.26829;1.27507;1.27804;1.276555;1.27932667
29.09.2014;1.26873;1.26829;1.27507;1.27168;1.2738
03.10.2014;1.2514;1.2668;1.26241;1.264605;1.26411
06.10.2014;1.26545;1.2514;1.2668;1.2591;1.26020333
07.10.2014;1.2669;1.26545;1.2514;1.258425;1.26121667
09.10.2014;1.26912;1.27344;1.2669;1.27017;1.26859667
10.10.2014;1.26285;1.26912;1.27344;1.27128;1.26982
13.10.2014;1.27498;1.26285;1.26912;1.265985;1.26847
14.10.2014;1.26591;1.27498;1.26285;1.268915;1.26898333
15.10.2014;1.28373;1.26591;1.27498;1.270445;1.26791333
16.10.2014;1.28092;1.28373;1.26591;1.27482;1.27487333
17.10.2014;1.27594;1.28092;1.28373;1.282325;1.27685333
20.10.2014;1.27997;1.27594;1.28092;1.27843;1.28019667
22.10.2014;1.26463;1.27158;1.27997;1.275775;1.27583
23.10.2014;1.26468;1.26463;1.27158;1.268105;1.27206
24.10.2014;1.26703;1.26468;1.26463;1.264655;1.26696333
28.10.2014;1.27347;1.2699;1.26703;1.268465;1.26720333
30.10.2014;1.26126;1.2632;1.27347;1.268335;1.26885667
03.11.2014;1.24808;1.2524;1.26126;1.25683;1.25895333
04.11.2014;1.25458;1.24808;1.2524;1.25024;1.25391333
05.11.2014;1.24856;1.25458;1.24808;1.25133;1.25168667
06.11.2014;1.23749;1.24856;1.25458;1.25157;1.25040667
07.11.2014;1.24544;1.23749;1.24856;1.243025;1.24687667
10.11.2014;1.24201;1.24544;1.23749;1.241465;1.24383
11.11.2014;1.24735;1.24201;1.24544;1.243725;1.24164667
13.11.2014;1.24753;1.24381;1.24735;1.24558;1.24439
14.11.2014;1.25241;1.24753;1.24381;1.24567;1.24623
17.11.2014;1.24502;1.25241;1.24753;1.24997;1.24791667
20.11.2014;1.25394;1.25535;1.25363;1.25449;1.25133333
21.11.2014;1.2389;1.25394;1.25535;1.254645;1.25430667
25.11.2014;1.24736;1.24412;1.2389;1.24151;1.24565333
26.11.2014;1.25056;1.24736;1.24412;1.24574;1.24346
27.11.2014;1.24671;1.25056;1.24736;1.24896;1.24734667
28.11.2014;1.24513;1.24671;1.25056;1.248635;1.24821
01.12.2014;1.2469;1.24513;1.24671;1.24592;1.24746667
02.12.2014;1.23823;1.2469;1.24513;1.246015;1.24624667
04.12.2014;1.23795;1.23106;1.23823;1.234645;1.23873
05.12.2014;1.2286;1.23795;1.23106;1.234505;1.23574667
08.12.2014;1.23174;1.2286;1.23795;1.233275;1.23253667
09.12.2014;1.23736;1.23174;1.2286;1.23017;1.23276333
10.12.2014;1.24475;1.23736;1.23174;1.23455;1.23256667
11.12.2014;1.24116;1.24475;1.23736;1.241055;1.23795
15.12.2014;1.24367;1.24607;1.24116;1.243615;1.24399333
16.12.2014;1.25099;1.24367;1.24607;1.24487;1.24363333
18.12.2014;1.2286;1.23425;1.25099;1.24262;1.24297
19.12.2014;1.22304;1.2286;1.23425;1.231425;1.23794667
22.12.2014;1.22313;1.22304;1.2286;1.22582;1.22863
23.12.2014;1.21724;1.22313;1.22304;1.223085;1.22492333
24.12.2014;1.22011;1.21724;1.22313;1.220185;1.22113667
26.12.2014;1.21791;1.22011;1.21724;1.218675;1.22016
29.12.2014;1.21557;1.21791;1.22011;1.21901;1.21842
30.12.2014;1.21558;1.21557;1.21791;1.21674;1.21786333
31.12.2014;1.20973;1.21558;1.21557;1.215575;1.21635333
02.01.2015;1.20013;1.20973;1.21558;1.212655;1.21362667
05.01.2015;1.19331;1.20013;1.20973;1.20493;1.20848
06.01.2015;1.18902;1.19331;1.20013;1.19672;1.20105667
07.01.2015;1.18391;1.18902;1.19331;1.191165;1.19415333
08.01.2015;1.17937;1.18391;1.18902;1.186465;1.18874667
09.01.2015;1.18423;1.17937;1.18391;1.18164;1.1841
13.01.2015;1.17721;1.1834;1.18423;1.183815;1.18233333
14.01.2015;1.17878;1.17721;1.1834;1.180305;1.18161333
15.01.2015;1.1632;1.17878;1.17721;1.177995;1.17979667
16.01.2015;1.15617;1.1632;1.17878;1.17099;1.17306333
19.01.2015;1.16053;1.15617;1.1632;1.159685;1.16605
20.01.2015;1.15498;1.16053;1.15617;1.15835;1.15996667
21.01.2015;1.16098;1.15498;1.16053;1.157755;1.15722667
22.01.2015;1.13651;1.16098;1.15498;1.15798;1.15883
23.01.2015;1.12053;1.13651;1.16098;1.148745;1.15082333
26.01.2015;1.12374;1.12053;1.13651;1.12852;1.13934
27.01.2015;1.13801;1.12374;1.12053;1.122135;1.12692667
28.01.2015;1.12865;1.13801;1.12374;1.130875;1.12742667
29.01.2015;1.13187;1.12865;1.13801;1.13333;1.13013333
30.01.2015;1.12835;1.13187;1.12865;1.13026;1.13284333
02.02.2015;1.13406;1.12835;1.13187;1.13011;1.12962333
03.02.2015;1.14799;1.13406;1.12835;1.131205;1.13142667
06.02.2015;1.13139;1.14777;1.13402;1.140895;1.14326
09.02.2015;1.13237;1.13139;1.14777;1.13958;1.13772667
10.02.2015;1.13182;1.13237;1.13139;1.13188;1.13717667
11.02.2015;1.13331;1.13182;1.13237;1.132095;1.13186
12.02.2015;1.14031;1.13331;1.13182;1.132565;1.1325
13.02.2015;1.13882;1.14031;1.13331;1.13681;1.13514667
16.02.2015;1.13529;1.13882;1.14031;1.139565;1.13748
17.02.2015;1.14109;1.13529;1.13882;1.137055;1.13814
20.02.2015;1.13789;1.13682;1.13971;1.138265;1.13920667
23.02.2015;1.13345;1.13789;1.13682;1.137355;1.13814
24.02.2015;1.13403;1.13345;1.13789;1.13567;1.13605333
25.02.2015;1.13605;1.13403;1.13345;1.13374;1.13512333
26.02.2015;1.11981;1.13605;1.13403;1.13504;1.13451
27.02.2015;1.11954;1.11981;1.13605;1.12793;1.12996333
02.03.2015;1.11831;1.11954;1.11981;1.119675;1.12513333
05.03.2015;1.10275;1.10793;1.11754;1.112735;1.11459333
06.03.2015;1.08421;1.10275;1.10793;1.10534;1.10940667
09.03.2015;1.08523;1.08421;1.10275;1.09348;1.09829667
10.03.2015;1.06986;1.08523;1.08421;1.08472;1.09073
11.03.2015;1.05472;1.06986;1.08523;1.077545;1.07976667
12.03.2015;1.06356;1.05472;1.06986;1.06229;1.06993667
13.03.2015;1.04964;1.06356;1.05472;1.05914;1.06271333
16.03.2015;1.05655;1.04964;1.06356;1.0566;1.05597333
17.03.2015;1.05968;1.05655;1.04964;1.053095;1.05658333
18.03.2015;1.08671;1.05968;1.05655;1.058115;1.05529
20.03.2015;1.08211;1.06587;1.08671;1.07629;1.07075333
24.03.2015;1.09248;1.09459;1.08211;1.08835;1.08085667
25.03.2015;1.09698;1.09248;1.09459;1.093535;1.08972667
26.03.2015;1.08842;1.09698;1.09248;1.09473;1.09468333
27.03.2015;1.08896;1.08842;1.09698;1.0927;1.09262667
30.03.2015;1.08337;1.08896;1.08842;1.08869;1.09145333
31.03.2015;1.07356;1.08337;1.08896;1.086165;1.08691667
01.04.2015;1.07628;1.07356;1.08337;1.078465;1.08196333
02.04.2015;1.08799;1.07628;1.07356;1.07492;1.07773667
03.04.2015;1.09659;1.08799;1.07628;1.082135;1.07927667
06.04.2015;1.09229;1.09659;1.08799;1.09229;1.08695333
07.04.2015;1.08141;1.09229;1.09659;1.09444;1.09229
08.04.2015;1.07805;1.08141;1.09229;1.08685;1.09009667
09.04.2015;1.06589;1.07805;1.08141;1.07973;1.08391667
10.04.2015;1.06017;1.06589;1.07805;1.07197;1.07511667
13.04.2015;1.05665;1.06017;1.06589;1.06303;1.06803667
14.04.2015;1.06545;1.05665;1.06017;1.05841;1.06090333
15.04.2015;1.06836;1.06545;1.05665;1.06105;1.06075667
16.04.2015;1.07614;1.06836;1.06545;1.066905;1.06348667
20.04.2015;1.0737;1.08062;1.07614;1.07838;1.07504
21.04.2015;1.07355;1.0737;1.08062;1.07716;1.07682
22.04.2015;1.07243;1.07355;1.0737;1.073625;1.07595667
23.04.2015;1.08239;1.07243;1.07355;1.07299;1.07322667
27.04.2015;1.08887;1.08733;1.08239;1.08486;1.08071667
28.04.2015;1.09816;1.08887;1.08733;1.0881;1.08619667
29.04.2015;1.11264;1.09816;1.08887;1.093515;1.09145333
05.05.2015;1.1185;1.11494;1.11961;1.117275;1.11893667
06.05.2015;1.1347;1.1185;1.11494;1.11672;1.11768333
07.05.2015;1.12658;1.1347;1.1185;1.1266;1.12271333
08.05.2015;1.12114;1.12658;1.1347;1.13064;1.12659333
11.05.2015;1.11548;1.12114;1.12658;1.12386;1.12747333
12.05.2015;1.12136;1.11548;1.12114;1.11831;1.12106667
13.05.2015;1.13543;1.12136;1.11548;1.11842;1.11932667
14.05.2015;1.14097;1.13543;1.12136;1.128395;1.12409
15.05.2015;1.14468;1.14097;1.13543;1.1382;1.13258667
19.05.2015;1.11493;1.13142;1.14468;1.13805;1.13902333
20.05.2015;1.10973;1.11493;1.13142;1.123175;1.13034333
21.05.2015;1.1112;1.10973;1.11493;1.11233;1.11869333
22.05.2015;1.10106;1.1112;1.10973;1.110465;1.11195333
25.05.2015;1.09772;1.10106;1.1112;1.10613;1.10733
26.05.2015;1.08743;1.09772;1.10106;1.09939;1.10332667
01.06.2015;1.09251;1.09921;1.09465;1.09693;1.09475
04.06.2015;1.12382;1.12754;1.11512;1.12133;1.11172333
05.06.2015;1.11139;1.12382;1.12754;1.12568;1.12216
08.06.2015;1.12918;1.11139;1.12382;1.117605;1.12091667
10.06.2015;1.13235;1.12808;1.12918;1.12863;1.12288333
11.06.2015;1.12575;1.13235;1.12808;1.130215;1.12987
12.06.2015;1.12656;1.12575;1.13235;1.12905;1.12872667
16.06.2015;1.12492;1.12837;1.12656;1.127465;1.12689333
17.06.2015;1.13392;1.12492;1.12837;1.126645;1.12661667
18.06.2015;1.13666;1.13392;1.12492;1.12942;1.12907
19.06.2015;1.13486;1.13666;1.13392;1.13529;1.13183333
22.06.2015;1.13408;1.13486;1.13666;1.13576;1.13514667
23.06.2015;1.11678;1.13408;1.13486;1.13447;1.1352
24.06.2015;1.12053;1.11678;1.13408;1.12543;1.12857333
25.06.2015;1.12061;1.12053;1.11678;1.118655;1.12379667
26.06.2015;1.11634;1.12061;1.12053;1.12057;1.11930667
30.06.2015;1.11356;1.12368;1.11634;1.12001;1.12021
01.07.2015;1.1053;1.11356;1.12368;1.11862;1.11786
02.07.2015;1.10836;1.1053;1.11356;1.10943;1.11418
03.07.2015;1.11146;1.10836;1.1053;1.10683;1.10907333
06.07.2015;1.10561;1.11146;1.10836;1.10991;1.10837333
07.07.2015;1.10116;1.10561;1.11146;1.108535;1.10847667
08.07.2015;1.10769;1.10116;1.10561;1.103385;1.10607667
09.07.2015;1.1037;1.10769;1.10116;1.104425;1.10482
10.07.2015;1.1155;1.1037;1.10769;1.105695;1.10418333
14.07.2015;1.10087;1.1006;1.1155;1.10805;1.1066
15.07.2015;1.09471;1.10087;1.1006;1.100735;1.10565667
16.07.2015;1.08753;1.09471;1.10087;1.09779;1.09872667
17.07.2015;1.08288;1.08753;1.09471;1.09112;1.09437
20.07.2015;1.08253;1.08288;1.08753;1.085205;1.08837333
22.07.2015;1.09289;1.09374;1.08253;1.088135;1.08638333
23.07.2015;1.09843;1.09289;1.09374;1.093315;1.08972
