Close0;Close1;Close2;Close3;Close4;Close5
1.3923;1.3983;1.39552;1.3976;1.4002;1.4142
1.3882;1.3923;1.3983;1.39552;1.3976;1.4002
1.4019;1.3882;1.3923;1.3983;1.39552;1.3976
1.3948;1.4019;1.3882;1.3923;1.3983;1.39552
1.39647;1.3948;1.4019;1.3882;1.3923;1.3983
1.3977;1.39647;1.3948;1.4019;1.3882;1.3923
1.3966;1.3977;1.39647;1.3948;1.4019;1.3882
1.4107;1.3966;1.3977;1.39647;1.3948;1.4019
1.4148;1.4107;1.3966;1.3977;1.39647;1.3948
1.41;1.4148;1.4107;1.3966;1.3977;1.39647
1.41244;1.41;1.4148;1.4107;1.3966;1.3977
1.4231;1.41244;1.41;1.4148;1.4107;1.3966
1.4224;1.4231;1.41244;1.41;1.4148;1.4107
1.4219;1.4224;1.4231;1.41244;1.41;1.4148
1.4141;1.4219;1.4224;1.4231;1.41244;1.41
1.4214;1.4141;1.4219;1.4224;1.4231;1.41244
1.4216;1.4214;1.4141;1.4219;1.4224;1.4231
1.4234;1.4216;1.4214;1.4141;1.4219;1.4224
1.4166;1.4234;1.4216;1.4214;1.4141;1.4219
1.4049;1.4166;1.4234;1.4216;1.4214;1.4141
1.4073;1.4049;1.4166;1.4234;1.4216;1.4214
1.4251;1.4073;1.4049;1.4166;1.4234;1.4216
1.42503;1.4251;1.4073;1.4049;1.4166;1.4234
1.4411;1.42503;1.4251;1.4073;1.4049;1.4166
1.4407;1.4411;1.42503;1.4251;1.4073;1.4049
1.4403;1.4407;1.4411;1.42503;1.4251;1.4073
1.4346;1.4403;1.4407;1.4411;1.42503;1.4251
1.417;1.4346;1.4403;1.4407;1.4411;1.42503
1.41921;1.417;1.4346;1.4403;1.4407;1.4411
1.414;1.41921;1.417;1.4346;1.4403;1.4407
1.415;1.414;1.41921;1.417;1.4346;1.4403
1.4189;1.415;1.414;1.41921;1.417;1.4346
1.4292;1.4189;1.415;1.414;1.41921;1.417
1.4189;1.4292;1.4189;1.415;1.414;1.41921
1.41877;1.4189;1.4292;1.4189;1.415;1.414
1.4082;1.41877;1.4189;1.4292;1.4189;1.415
1.4134;1.4082;1.41877;1.4189;1.4292;1.4189
1.4223;1.4134;1.4082;1.41877;1.4189;1.4292
1.4253;1.4223;1.4134;1.4082;1.41877;1.4189
1.4335;1.4253;1.4223;1.4134;1.4082;1.41877
1.43363;1.4335;1.4253;1.4223;1.4134;1.4082
1.4303;1.43363;1.4335;1.4253;1.4223;1.4134
1.4297;1.4303;1.43363;1.4335;1.4253;1.4223
1.4254;1.4297;1.4303;1.43363;1.4335;1.4253
1.4342;1.4254;1.4297;1.4303;1.43363;1.4335
1.43;1.4342;1.4254;1.4297;1.4303;1.43363
1.4283;1.43;1.4342;1.4254;1.4297;1.4303
1.4333;1.4283;1.43;1.4342;1.4254;1.4297
1.4224;1.4333;1.4283;1.43;1.4342;1.4254
1.4263;1.4224;1.4333;1.4283;1.43;1.4342
1.4252;1.4263;1.4224;1.4333;1.4283;1.43
1.4303;1.4252;1.4263;1.4224;1.4333;1.4283
1.43138;1.4303;1.4252;1.4263;1.4224;1.4333
1.4332;1.43138;1.4303;1.4252;1.4263;1.4224
1.4478;1.4332;1.43138;1.4303;1.4252;1.4263
1.4559;1.4478;1.4332;1.43138;1.4303;1.4252
1.4582;1.4559;1.4478;1.4332;1.43138;1.4303
1.4581;1.4582;1.4559;1.4478;1.4332;1.43138
1.45818;1.4581;1.4582;1.4559;1.4478;1.4332
1.4621;1.45818;1.4581;1.4582;1.4559;1.4478
1.4656;1.4621;1.45818;1.4581;1.4582;1.4559
1.4709;1.4656;1.4621;1.45818;1.4581;1.4582
1.4741;1.4709;1.4656;1.4621;1.45818;1.4581
1.4702;1.4741;1.4709;1.4656;1.4621;1.45818
1.46995;1.4702;1.4741;1.4709;1.4656;1.4621
1.4682;1.46995;1.4702;1.4741;1.4709;1.4656
1.479;1.4682;1.46995;1.4702;1.4741;1.4709
1.4734;1.479;1.4682;1.46995;1.4702;1.4741
1.4666;1.4734;1.479;1.4682;1.46995;1.4702
1.4669;1.4666;1.4734;1.479;1.4682;1.46995
1.47024;1.4669;1.4666;1.4734;1.479;1.4682
1.4619;1.47024;1.4669;1.4666;1.4734;1.479
1.4588;1.4619;1.47024;1.4669;1.4666;1.4734
1.4641;1.4588;1.4619;1.47024;1.4669;1.4666
1.4545;1.4641;1.4588;1.4619;1.47024;1.4669
1.457;1.4545;1.4641;1.4588;1.4619;1.47024
1.46075;1.457;1.4545;1.4641;1.4588;1.4619
1.4649;1.46075;1.457;1.4545;1.4641;1.4588
1.472;1.4649;1.46075;1.457;1.4545;1.4641
1.4691;1.472;1.4649;1.46075;1.457;1.4545
1.4793;1.4691;1.472;1.4649;1.46075;1.457
1.4708;1.4793;1.4691;1.472;1.4649;1.46075
1.47388;1.4708;1.4793;1.4691;1.472;1.4649
1.4773;1.47388;1.4708;1.4793;1.4691;1.472
1.4853;1.4773;1.47388;1.4708;1.4793;1.4691
1.4923;1.4853;1.4773;1.47388;1.4708;1.4793
1.4948;1.4923;1.4853;1.4773;1.47388;1.4708
1.4893;1.4948;1.4923;1.4853;1.4773;1.47388
1.49141;1.4893;1.4948;1.4923;1.4853;1.4773
1.4964;1.49141;1.4893;1.4948;1.4923;1.4853
1.4945;1.4964;1.49141;1.4893;1.4948;1.4923
1.5016;1.4945;1.4964;1.49141;1.4893;1.4948
1.5032;1.5016;1.4945;1.4964;1.49141;1.4893
1.4995;1.5032;1.5016;1.4945;1.4964;1.49141
1.50083;1.4995;1.5032;1.5016;1.4945;1.4964
1.4875;1.50083;1.4995;1.5032;1.5016;1.4945
1.4804;1.4875;1.50083;1.4995;1.5032;1.5016
1.4704;1.4804;1.4875;1.50083;1.4995;1.5032
1.4822;1.4704;1.4804;1.4875;1.50083;1.4995
1.4716;1.4822;1.4704;1.4804;1.4875;1.50083
1.47281;1.4716;1.4822;1.4704;1.4804;1.4875
1.4775;1.47281;1.4716;1.4822;1.4704;1.4804
1.4723;1.4775;1.47281;1.4716;1.4822;1.4704
1.4861;1.4723;1.4775;1.47281;1.4716;1.4822
1.4872;1.4861;1.4723;1.4775;1.47281;1.4716
1.4845;1.4872;1.4861;1.4723;1.4775;1.47281
1.48706;1.4845;1.4872;1.4861;1.4723;1.4775
1.5;1.48706;1.4845;1.4872;1.4861;1.4723
1.4992;1.5;1.48706;1.4845;1.4872;1.4861
1.4985;1.4992;1.5;1.48706;1.4845;1.4872
1.4848;1.4985;1.4992;1.5;1.48706;1.4845
1.492;1.4848;1.4985;1.4992;1.5;1.48706
1.49183;1.492;1.4848;1.4985;1.4992;1.5
1.4969;1.49183;1.492;1.4848;1.4985;1.4992
1.4876;1.4969;1.49183;1.492;1.4848;1.4985
1.4963;1.4876;1.4969;1.49183;1.492;1.4848
1.4925;1.4963;1.4876;1.4969;1.49183;1.492
1.4861;1.4925;1.4963;1.4876;1.4969;1.49183
1.48496;1.4861;1.4925;1.4963;1.4876;1.4969
1.496;1.48496;1.4861;1.4925;1.4963;1.4876
1.4968;1.496;1.48496;1.4861;1.4925;1.4963
1.5133;1.4968;1.496;1.48496;1.4861;1.4925
1.5018;1.5133;1.4968;1.496;1.48496;1.4861
1.4967;1.5018;1.5133;1.4968;1.496;1.48496
1.50108;1.4967;1.5018;1.5133;1.4968;1.496
1.5005;1.50108;1.4967;1.5018;1.5133;1.4968
1.508;1.5005;1.50108;1.4967;1.5018;1.5133
1.5044;1.508;1.5005;1.50108;1.4967;1.5018
1.5052;1.5044;1.508;1.5005;1.50108;1.4967
1.4845;1.5052;1.5044;1.508;1.5005;1.50108
1.48707;1.4845;1.5052;1.5044;1.508;1.5005
1.4826;1.48707;1.4845;1.5052;1.5044;1.508
1.4702;1.4826;1.48707;1.4845;1.5052;1.5044
1.4725;1.4702;1.4826;1.48707;1.4845;1.5052
1.4731;1.4725;1.4702;1.4826;1.48707;1.4845
1.4628;1.4731;1.4725;1.4702;1.4826;1.48707
1.4613;1.4628;1.4731;1.4725;1.4702;1.4826
1.4656;1.4613;1.4628;1.4731;1.4725;1.4702
1.4537;1.4656;1.4613;1.4628;1.4731;1.4725
1.453;1.4537;1.4656;1.4613;1.4628;1.4731
1.4337;1.453;1.4537;1.4656;1.4613;1.4628
1.4335;1.4337;1.453;1.4537;1.4656;1.4613
1.43105;1.4335;1.4337;1.453;1.4537;1.4656
1.4276;1.43105;1.4335;1.4337;1.453;1.4537
1.4249;1.4276;1.43105;1.4335;1.4337;1.453
1.4337;1.4249;1.4276;1.43105;1.4335;1.4337
1.4358;1.4337;1.4249;1.4276;1.43105;1.4335
1.43721;1.4358;1.4337;1.4249;1.4276;1.43105
1.4378;1.43721;1.4358;1.4337;1.4249;1.4276
1.4352;1.4378;1.43721;1.4358;1.4337;1.4249
1.4338;1.4352;1.4378;1.43721;1.4358;1.4337
1.4326;1.4338;1.4352;1.4378;1.43721;1.4358
1.43247;1.4326;1.4338;1.4352;1.4378;1.43721
1.4412;1.43247;1.4326;1.4338;1.4352;1.4378
1.4365;1.4412;1.43247;1.4326;1.4338;1.4352
1.4406;1.4365;1.4412;1.43247;1.4326;1.4338
1.4307;1.4406;1.4365;1.4412;1.43247;1.4326
1.4416;1.4307;1.4406;1.4365;1.4412;1.43247
1.4411;1.4416;1.4307;1.4406;1.4365;1.4412
1.4512;1.4411;1.4416;1.4307;1.4406;1.4365
1.4484;1.4512;1.4411;1.4416;1.4307;1.4406
1.451;1.4484;1.4512;1.4411;1.4416;1.4307
1.4499;1.451;1.4484;1.4512;1.4411;1.4416
1.4379;1.4499;1.451;1.4484;1.4512;1.4411
1.4348;1.4379;1.4499;1.451;1.4484;1.4512
1.4383;1.4348;1.4379;1.4499;1.451;1.4484
1.4287;1.4383;1.4348;1.4379;1.4499;1.451
1.4106;1.4287;1.4383;1.4348;1.4379;1.4499
1.4083;1.4106;1.4287;1.4383;1.4348;1.4379
1.414;1.4083;1.4106;1.4287;1.4383;1.4348
1.41507;1.414;1.4083;1.4106;1.4287;1.4383
1.415;1.41507;1.414;1.4083;1.4106;1.4287
1.4071;1.415;1.41507;1.414;1.4083;1.4106
1.4023;1.4071;1.415;1.41507;1.414;1.4083
1.3971;1.4023;1.4071;1.415;1.41507;1.414
1.3865;1.3971;1.4023;1.4071;1.415;1.41507
1.38624;1.3865;1.3971;1.4023;1.4071;1.415
1.393;1.38624;1.3865;1.3971;1.4023;1.4071
1.3963;1.393;1.38624;1.3865;1.3971;1.4023
1.3893;1.3963;1.393;1.38624;1.3865;1.3971
1.3723;1.3893;1.3963;1.393;1.38624;1.3865
1.3664;1.3723;1.3893;1.3963;1.393;1.38624
1.36555;1.3664;1.3723;1.3893;1.3963;1.393
1.3648;1.36555;1.3664;1.3723;1.3893;1.3963
1.3796;1.3648;1.36555;1.3664;1.3723;1.3893
1.3736;1.3796;1.3648;1.36555;1.3664;1.3723
1.3692;1.3736;1.3796;1.3648;1.36555;1.3664
1.3616;1.3692;1.3736;1.3796;1.3648;1.36555
1.3615;1.3616;1.3692;1.3736;1.3796;1.3648
1.3599;1.3615;1.3616;1.3692;1.3736;1.3796
1.377;1.3599;1.3615;1.3616;1.3692;1.3736
1.3606;1.377;1.3599;1.3615;1.3616;1.3692
1.3524;1.3606;1.377;1.3599;1.3615;1.3616
1.3594;1.3524;1.3606;1.377;1.3599;1.3615
1.36125;1.3594;1.3524;1.3606;1.377;1.3599
1.3595;1.36125;1.3594;1.3524;1.3606;1.377
1.3507;1.3595;1.36125;1.3594;1.3524;1.3606
1.3538;1.3507;1.3595;1.36125;1.3594;1.3524
1.3547;1.3538;1.3507;1.3595;1.36125;1.3594
1.3615;1.3547;1.3538;1.3507;1.3595;1.36125
1.36185;1.3615;1.3547;1.3538;1.3507;1.3595
1.3559;1.36185;1.3615;1.3547;1.3538;1.3507
1.3614;1.3559;1.36185;1.3615;1.3547;1.3538
1.3696;1.3614;1.3559;1.36185;1.3615;1.3547
1.358;1.3696;1.3614;1.3559;1.36185;1.3615
1.362;1.358;1.3696;1.3614;1.3559;1.36185
1.3642;1.362;1.358;1.3696;1.3614;1.3559
1.3633;1.3642;1.362;1.358;1.3696;1.3614
1.3601;1.3633;1.3642;1.362;1.358;1.3696
1.3656;1.3601;1.3633;1.3642;1.362;1.358
1.368;1.3656;1.3601;1.3633;1.3642;1.362
1.3761;1.368;1.3656;1.3601;1.3633;1.3642
1.37589;1.3761;1.368;1.3656;1.3601;1.3633
1.3676;1.37589;1.3761;1.368;1.3656;1.3601
1.3765;1.3676;1.37589;1.3761;1.368;1.3656
1.3737;1.3765;1.3676;1.37589;1.3761;1.368
1.3607;1.3737;1.3765;1.3676;1.37589;1.3761
1.3536;1.3607;1.3737;1.3765;1.3676;1.37589
1.35171;1.3536;1.3607;1.3737;1.3765;1.3676
1.3557;1.35171;1.3536;1.3607;1.3737;1.3765
1.3497;1.3557;1.35171;1.3536;1.3607;1.3737
1.3313;1.3497;1.3557;1.35171;1.3536;1.3607
1.3272;1.3313;1.3497;1.3557;1.35171;1.3536
1.3414;1.3272;1.3313;1.3497;1.3557;1.35171
1.3447;1.3414;1.3272;1.3313;1.3497;1.3557
1.3482;1.3447;1.3414;1.3272;1.3313;1.3497
1.3413;1.3482;1.3447;1.3414;1.3272;1.3313
1.3509;1.3413;1.3482;1.3447;1.3414;1.3272
1.3588;1.3509;1.3413;1.3482;1.3447;1.3414
1.349;1.3588;1.3509;1.3413;1.3482;1.3447
1.34939;1.349;1.3588;1.3509;1.3413;1.3482
1.3483;1.34939;1.349;1.3588;1.3509;1.3413
1.3398;1.3483;1.34939;1.349;1.3588;1.3509
1.3343;1.3398;1.3483;1.34939;1.349;1.3588
1.336;1.3343;1.3398;1.3483;1.34939;1.349
1.3493;1.336;1.3343;1.3398;1.3483;1.34939
1.36305;1.3493;1.336;1.3343;1.3398;1.3483
1.3591;1.36305;1.3493;1.336;1.3343;1.3398
1.3612;1.3591;1.36305;1.3493;1.336;1.3343
1.3653;1.3612;1.3591;1.36305;1.3493;1.336
1.3572;1.3653;1.3612;1.3591;1.36305;1.3493
1.3509;1.3572;1.3653;1.3612;1.3591;1.36305
1.3489;1.3509;1.3572;1.3653;1.3612;1.3591
1.3489;1.3489;1.3509;1.3572;1.3653;1.3612
1.3434;1.3489;1.3489;1.3509;1.3572;1.3653
1.339;1.3434;1.3489;1.3489;1.3509;1.3572
1.3294;1.339;1.3434;1.3489;1.3489;1.3509
1.3373;1.3294;1.339;1.3434;1.3489;1.3489
1.33562;1.3373;1.3294;1.339;1.3434;1.3489
1.3382;1.33562;1.3373;1.3294;1.339;1.3434
1.3173;1.3382;1.33562;1.3373;1.3294;1.339
1.322;1.3173;1.3382;1.33562;1.3373;1.3294
1.3233;1.322;1.3173;1.3382;1.33562;1.3373
1.3313;1.3233;1.322;1.3173;1.3382;1.33562
1.33193;1.3313;1.3233;1.322;1.3173;1.3382
1.3194;1.33193;1.3313;1.3233;1.322;1.3173
1.2986;1.3194;1.33193;1.3313;1.3233;1.322
1.2813;1.2986;1.3194;1.33193;1.3313;1.3233
1.2621;1.2813;1.2986;1.3194;1.33193;1.3313
1.273;1.2621;1.2813;1.2986;1.3194;1.33193
1.28766;1.273;1.2621;1.2813;1.2986;1.3194
1.2786;1.28766;1.273;1.2621;1.2813;1.2986
1.2662;1.2786;1.28766;1.273;1.2621;1.2813
1.2613;1.2662;1.2786;1.28766;1.273;1.2621
1.2534;1.2613;1.2662;1.2786;1.28766;1.273
1.2381;1.2534;1.2613;1.2662;1.2786;1.28766
1.23709;1.2381;1.2534;1.2613;1.2662;1.2786
1.2396;1.23709;1.2381;1.2534;1.2613;1.2662
1.2201;1.2396;1.23709;1.2381;1.2534;1.2613
1.2414;1.2201;1.2396;1.23709;1.2381;1.2534
1.2485;1.2414;1.2201;1.2396;1.23709;1.2381
1.2572;1.2485;1.2414;1.2201;1.2396;1.23709
1.25338;1.2572;1.2485;1.2414;1.2201;1.2396
1.2371;1.25338;1.2572;1.2485;1.2414;1.2201
1.2344;1.2371;1.25338;1.2572;1.2485;1.2414
1.2177;1.2344;1.2371;1.25338;1.2572;1.2485
1.2361;1.2177;1.2344;1.2371;1.25338;1.2572
1.2268;1.2361;1.2177;1.2344;1.2371;1.25338
1.22726;1.2268;1.2361;1.2177;1.2344;1.2371
1.2304;1.22726;1.2268;1.2361;1.2177;1.2344
1.2229;1.2304;1.22726;1.2268;1.2361;1.2177
1.225;1.2229;1.2304;1.22726;1.2268;1.2361
1.2162;1.225;1.2229;1.2304;1.22726;1.2268
1.1965;1.2162;1.225;1.2229;1.2304;1.22726
1.19367;1.1965;1.2162;1.225;1.2229;1.2304
1.1923;1.19367;1.1965;1.2162;1.225;1.2229
1.1972;1.1923;1.19367;1.1965;1.2162;1.225
1.1978;1.1972;1.1923;1.19367;1.1965;1.2162
1.2123;1.1978;1.1972;1.1923;1.19367;1.1965
1.2093;1.2123;1.1978;1.1972;1.1923;1.19367
1.21436;1.2093;1.2123;1.1978;1.1972;1.1923
1.222;1.21436;1.2093;1.2123;1.1978;1.1972
1.2332;1.222;1.21436;1.2093;1.2123;1.1978
1.2309;1.2332;1.222;1.21436;1.2093;1.2123
1.2388;1.2309;1.2332;1.222;1.21436;1.2093
1.2373;1.2388;1.2309;1.2332;1.222;1.21436
1.2408;1.2373;1.2388;1.2309;1.2332;1.222
1.2312;1.2408;1.2373;1.2388;1.2309;1.2332
1.227;1.2312;1.2408;1.2373;1.2388;1.2309
1.231;1.227;1.2312;1.2408;1.2373;1.2388
1.2333;1.231;1.227;1.2312;1.2408;1.2373
1.2384;1.2333;1.231;1.227;1.2312;1.2408
1.23767;1.2384;1.2333;1.231;1.227;1.2312
1.2276;1.23767;1.2384;1.2333;1.231;1.227
1.2187;1.2276;1.23767;1.2384;1.2333;1.231
1.2236;1.2187;1.2276;1.23767;1.2384;1.2333
1.2526;1.2236;1.2187;1.2276;1.23767;1.2384
1.2549;1.2526;1.2236;1.2187;1.2276;1.23767
1.25577;1.2549;1.2526;1.2236;1.2187;1.2276
1.2537;1.25577;1.2549;1.2526;1.2236;1.2187
1.2625;1.2537;1.25577;1.2549;1.2526;1.2236
1.2637;1.2625;1.2537;1.25577;1.2549;1.2526
1.2697;1.2637;1.2625;1.2537;1.25577;1.2549
1.2639;1.2697;1.2637;1.2625;1.2537;1.25577
1.26454;1.2639;1.2697;1.2637;1.2625;1.2537
1.2596;1.26454;1.2639;1.2697;1.2637;1.2625
1.2724;1.2596;1.26454;1.2639;1.2697;1.2637
1.2743;1.2724;1.2596;1.26454;1.2639;1.2697
1.2948;1.2743;1.2724;1.2596;1.26454;1.2639
1.2926;1.2948;1.2743;1.2724;1.2596;1.26454
1.28974;1.2926;1.2948;1.2743;1.2724;1.2596
1.2941;1.28974;1.2926;1.2948;1.2743;1.2724
1.288;1.2941;1.28974;1.2926;1.2948;1.2743
1.2753;1.288;1.2941;1.28974;1.2926;1.2948
1.2892;1.2753;1.288;1.2941;1.28974;1.2926
1.2914;1.2892;1.2753;1.288;1.2941;1.28974
1.2885;1.2914;1.2892;1.2753;1.288;1.2941
1.2993;1.2885;1.2914;1.2892;1.2753;1.288
1.2995;1.2993;1.2885;1.2914;1.2892;1.2753
1.2994;1.2995;1.2993;1.2885;1.2914;1.2892
1.3078;1.2994;1.2995;1.2993;1.2885;1.2914
1.303;1.3078;1.2994;1.2995;1.2993;1.2885
1.30584;1.303;1.3078;1.2994;1.2995;1.2993
1.318;1.30584;1.303;1.3078;1.2994;1.2995
1.3229;1.318;1.30584;1.303;1.3078;1.2994
1.316;1.3229;1.318;1.30584;1.303;1.3078
1.3187;1.316;1.3229;1.318;1.30584;1.303
1.3291;1.3187;1.316;1.3229;1.318;1.30584
1.32839;1.3291;1.3187;1.316;1.3229;1.318
1.3221;1.32839;1.3291;1.3187;1.316;1.3229
1.3175;1.3221;1.32839;1.3291;1.3187;1.316
1.2862;1.3175;1.3221;1.32839;1.3291;1.3187
1.2828;1.2862;1.3175;1.3221;1.32839;1.3291
1.2752;1.2828;1.2862;1.3175;1.3221;1.32839
1.27689;1.2752;1.2828;1.2862;1.3175;1.3221
1.2825;1.27689;1.2752;1.2828;1.2862;1.3175
1.288;1.2825;1.27689;1.2752;1.2828;1.2862
1.2849;1.288;1.2825;1.27689;1.2752;1.2828
1.282;1.2849;1.288;1.2825;1.27689;1.2752
1.2708;1.282;1.2849;1.288;1.2825;1.27689
1.27085;1.2708;1.282;1.2849;1.288;1.2825
1.2656;1.27085;1.2708;1.282;1.2849;1.288
1.2626;1.2656;1.27085;1.2708;1.282;1.2849
1.2658;1.2626;1.2656;1.27085;1.2708;1.282
1.2715;1.2658;1.2626;1.2656;1.27085;1.2708
1.2732;1.2715;1.2658;1.2626;1.2656;1.27085
1.27527;1.2732;1.2715;1.2658;1.2626;1.2656
1.2662;1.27527;1.2732;1.2715;1.2658;1.2626
1.2679;1.2662;1.27527;1.2732;1.2715;1.2658
1.2807;1.2679;1.2662;1.27527;1.2732;1.2715
1.2824;1.2807;1.2679;1.2662;1.27527;1.2732
1.2895;1.2824;1.2807;1.2679;1.2662;1.27527
1.28911;1.2895;1.2824;1.2807;1.2679;1.2662
1.2876;1.28911;1.2895;1.2824;1.2807;1.2679
1.2682;1.2876;1.28911;1.2895;1.2824;1.2807
1.272;1.2682;1.2876;1.28911;1.2895;1.2824
1.2694;1.272;1.2682;1.2876;1.28911;1.2895
1.2709;1.2694;1.272;1.2682;1.2876;1.28911
1.27171;1.2709;1.2694;1.272;1.2682;1.2876
1.2882;1.27171;1.2709;1.2694;1.272;1.2682
1.2997;1.2882;1.27171;1.2709;1.2694;1.272
1.301;1.2997;1.2882;1.27171;1.2709;1.2694
1.3077;1.301;1.2997;1.2882;1.27171;1.2709
1.3036;1.3077;1.301;1.2997;1.2882;1.27171
1.30407;1.3036;1.3077;1.301;1.2997;1.2882
1.306;1.30407;1.3036;1.3077;1.301;1.2997
1.3263;1.306;1.30407;1.3036;1.3077;1.301
1.3405;1.3263;1.306;1.30407;1.3036;1.3077
1.3313;1.3405;1.3263;1.306;1.30407;1.3036
1.3491;1.3313;1.3405;1.3263;1.306;1.30407
1.34771;1.3491;1.3313;1.3405;1.3263;1.306
1.3453;1.34771;1.3491;1.3313;1.3405;1.3263
1.3584;1.3453;1.34771;1.3491;1.3313;1.3405
1.3626;1.3584;1.3453;1.34771;1.3491;1.3313
1.3634;1.3626;1.3584;1.3453;1.34771;1.3491
1.3779;1.3634;1.3626;1.3584;1.3453;1.34771
1.3775;1.3779;1.3634;1.3626;1.3584;1.3453
1.3684;1.3775;1.3779;1.3634;1.3626;1.3584
1.3838;1.3684;1.3775;1.3779;1.3634;1.3626
1.393;1.3838;1.3684;1.3775;1.3779;1.3634
1.3925;1.393;1.3838;1.3684;1.3775;1.3779
1.3928;1.3925;1.393;1.3838;1.3684;1.3775
1.39956;1.3928;1.3925;1.393;1.3838;1.3684
1.3877;1.39956;1.3928;1.3925;1.393;1.3838
1.3924;1.3877;1.39956;1.3928;1.3925;1.393
1.3961;1.3924;1.3877;1.39956;1.3928;1.3925
1.4083;1.3961;1.3924;1.3877;1.39956;1.3928
1.3973;1.4083;1.3961;1.3924;1.3877;1.39956
1.39512;1.3973;1.4083;1.3961;1.3924;1.3877
1.3933;1.39512;1.3973;1.4083;1.3961;1.3924
1.3726;1.3933;1.39512;1.3973;1.4083;1.3961
1.3963;1.3726;1.3933;1.39512;1.3973;1.4083
1.3919;1.3963;1.3726;1.3933;1.39512;1.3973
1.3928;1.3919;1.3963;1.3726;1.3933;1.39512
1.39612;1.3928;1.3919;1.3963;1.3726;1.3933
1.3964;1.39612;1.3928;1.3919;1.3963;1.3726
1.3857;1.3964;1.39612;1.3928;1.3919;1.3963
1.3766;1.3857;1.3964;1.39612;1.3928;1.3919
1.3929;1.3766;1.3857;1.3964;1.39612;1.3928
1.3917;1.3929;1.3766;1.3857;1.3964;1.39612
1.39735;1.3917;1.3929;1.3766;1.3857;1.3964
1.3891;1.39735;1.3917;1.3929;1.3766;1.3857
1.4032;1.3891;1.39735;1.3917;1.3929;1.3766
1.4137;1.4032;1.3891;1.39735;1.3917;1.3929
1.4207;1.4137;1.4032;1.3891;1.39735;1.3917
1.4033;1.4207;1.4137;1.4032;1.3891;1.39735
1.40738;1.4033;1.4207;1.4137;1.4032;1.3891
1.3919;1.40738;1.4033;1.4207;1.4137;1.4032
1.3772;1.3919;1.40738;1.4033;1.4207;1.4137
1.3782;1.3772;1.3919;1.40738;1.4033;1.4207
1.3666;1.3782;1.3772;1.3919;1.40738;1.4033
1.3692;1.3666;1.3782;1.3772;1.3919;1.40738
1.36882;1.3692;1.3666;1.3782;1.3772;1.3919
1.3585;1.36882;1.3692;1.3666;1.3782;1.3772
1.3487;1.3585;1.36882;1.3692;1.3666;1.3782
1.3527;1.3487;1.3585;1.36882;1.3692;1.3666
1.364;1.3527;1.3487;1.3585;1.36882;1.3692
1.3685;1.364;1.3527;1.3487;1.3585;1.36882
1.37411;1.3685;1.364;1.3527;1.3487;1.3585
1.3624;1.37411;1.3685;1.364;1.3527;1.3487
1.3365;1.3624;1.37411;1.3685;1.364;1.3527
1.3333;1.3365;1.3624;1.37411;1.3685;1.364
1.336;1.3333;1.3365;1.3624;1.37411;1.3685
1.3247;1.336;1.3333;1.3365;1.3624;1.37411
1.32368;1.3247;1.336;1.3333;1.3365;1.3624
1.3124;1.32368;1.3247;1.336;1.3333;1.3365
1.298;1.3124;1.32368;1.3247;1.336;1.3333
1.3137;1.298;1.3124;1.32368;1.3247;1.336
1.3207;1.3137;1.298;1.3124;1.32368;1.3247
1.3411;1.3207;1.3137;1.298;1.3124;1.32368
1.34127;1.3411;1.3207;1.3137;1.298;1.3124
1.3306;1.34127;1.3411;1.3207;1.3137;1.298
1.3259;1.3306;1.34127;1.3411;1.3207;1.3137
1.326;1.3259;1.3306;1.34127;1.3411;1.3207
1.3236;1.326;1.3259;1.3306;1.34127;1.3411
1.3227;1.3236;1.326;1.3259;1.3306;1.34127
1.31963;1.3227;1.3236;1.326;1.3259;1.3306
1.3391;1.31963;1.3227;1.3236;1.326;1.3259
1.3377;1.3391;1.31963;1.3227;1.3236;1.326
1.3212;1.3377;1.3391;1.31963;1.3227;1.3236
1.3241;1.3212;1.3377;1.3391;1.31963;1.3227
1.3184;1.3241;1.3212;1.3377;1.3391;1.31963
1.31625;1.3184;1.3241;1.3212;1.3377;1.3391
1.3128;1.31625;1.3184;1.3241;1.3212;1.3377
1.3099;1.3128;1.31625;1.3184;1.3241;1.3212
1.3098;1.3099;1.3128;1.31625;1.3184;1.3241
1.3112;1.3098;1.3099;1.3128;1.31625;1.3184
1.3115;1.3112;1.3098;1.3099;1.3128;1.31625
1.30784;1.3115;1.3112;1.3098;1.3099;1.3128
1.3162;1.30784;1.3115;1.3112;1.3098;1.3099
1.3114;1.3162;1.30784;1.3115;1.3112;1.3098
1.3225;1.3114;1.3162;1.30784;1.3115;1.3112
1.3289;1.3225;1.3114;1.3162;1.30784;1.3115
1.3365;1.3289;1.3225;1.3114;1.3162;1.30784
1.33558;1.3365;1.3289;1.3225;1.3114;1.3162
1.336;1.33558;1.3365;1.3289;1.3225;1.3114
1.3307;1.336;1.33558;1.3365;1.3289;1.3225
1.3148;1.3307;1.336;1.33558;1.3365;1.3289
1.3001;1.3148;1.3307;1.336;1.33558;1.3365
1.2908;1.3001;1.3148;1.3307;1.336;1.33558
1.28949;1.2908;1.3001;1.3148;1.3307;1.336
1.295;1.28949;1.2908;1.3001;1.3148;1.3307
1.2974;1.295;1.28949;1.2908;1.3001;1.3148
1.3134;1.2974;1.295;1.28949;1.2908;1.3001
1.3362;1.3134;1.2974;1.295;1.28949;1.2908
1.3372;1.3362;1.3134;1.2974;1.295;1.28949
1.33783;1.3372;1.3362;1.3134;1.2974;1.295
1.3292;1.33783;1.3372;1.3362;1.3134;1.2974
1.3387;1.3292;1.33783;1.3372;1.3362;1.3134
1.3472;1.3387;1.3292;1.33783;1.3372;1.3362
1.3471;1.3472;1.3387;1.3292;1.33783;1.3372
1.3613;1.3471;1.3472;1.3387;1.3292;1.33783
1.36187;1.3613;1.3471;1.3472;1.3387;1.3292
1.3636;1.36187;1.3613;1.3471;1.3472;1.3387
1.3682;1.3636;1.36187;1.3613;1.3471;1.3472
1.3711;1.3682;1.3636;1.36187;1.3613;1.3471
1.3732;1.3711;1.3682;1.3636;1.36187;1.3613
1.3607;1.3732;1.3711;1.3682;1.3636;1.36187
1.35715;1.3607;1.3732;1.3711;1.3682;1.3636
1.3693;1.35715;1.3607;1.3732;1.3711;1.3682
1.3828;1.3693;1.35715;1.3607;1.3732;1.3711
1.3808;1.3828;1.3693;1.35715;1.3607;1.3732
1.3633;1.3808;1.3828;1.3693;1.35715;1.3607
1.3587;1.3633;1.3808;1.3828;1.3693;1.35715
1.35725;1.3587;1.3633;1.3808;1.3828;1.3693
1.3581;1.35725;1.3587;1.3633;1.3808;1.3828
1.3624;1.3581;1.35725;1.3587;1.3633;1.3808
1.3731;1.3624;1.3581;1.35725;1.3587;1.3633
1.3601;1.3731;1.3624;1.3581;1.35725;1.3587
1.3546;1.3601;1.3731;1.3624;1.3581;1.35725
1.35116;1.3546;1.3601;1.3731;1.3624;1.3581
1.3487;1.35116;1.3546;1.3601;1.3731;1.3624
1.3485;1.3487;1.35116;1.3546;1.3601;1.3731
1.3567;1.3485;1.3487;1.35116;1.3546;1.3601
1.3607;1.3567;1.3485;1.3487;1.35116;1.3546
1.3684;1.3607;1.3567;1.3485;1.3487;1.35116
1.37119;1.3684;1.3607;1.3567;1.3485;1.3487
1.3675;1.37119;1.3684;1.3607;1.3567;1.3485
1.3648;1.3675;1.37119;1.3684;1.3607;1.3567
1.3748;1.3648;1.3675;1.37119;1.3684;1.3607
1.3799;1.3748;1.3648;1.3675;1.37119;1.3684
1.3751;1.3799;1.3748;1.3648;1.3675;1.37119
1.37333;1.3751;1.3799;1.3748;1.3648;1.3675
1.3805;1.37333;1.3751;1.3799;1.3748;1.3648
1.3775;1.3805;1.37333;1.3751;1.3799;1.3748
1.3864;1.3775;1.3805;1.37333;1.3751;1.3799
1.3969;1.3864;1.3775;1.3805;1.37333;1.3751
1.3984;1.3969;1.3864;1.3775;1.3805;1.37333
1.399;1.3984;1.3969;1.3864;1.3775;1.3805
1.3966;1.399;1.3984;1.3969;1.3864;1.3775
1.3904;1.3966;1.399;1.3984;1.3969;1.3864
1.3907;1.3904;1.3966;1.399;1.3984;1.3969
1.3797;1.3907;1.3904;1.3966;1.399;1.3984
1.3902;1.3797;1.3907;1.3904;1.3966;1.399
1.39345;1.3902;1.3797;1.3907;1.3904;1.3966
1.399;1.39345;1.3902;1.3797;1.3907;1.3904
1.3997;1.399;1.39345;1.3902;1.3797;1.3907
1.3898;1.3997;1.399;1.39345;1.3902;1.3797
1.402;1.3898;1.3997;1.399;1.39345;1.3902
1.4167;1.402;1.3898;1.3997;1.399;1.39345
1.4168;1.4167;1.402;1.3898;1.3997;1.399
1.4225;1.4168;1.4167;1.402;1.3898;1.3997
1.4195;1.4225;1.4168;1.4167;1.402;1.3898
1.4086;1.4195;1.4225;1.4168;1.4167;1.402
1.4175;1.4086;1.4195;1.4225;1.4168;1.4167
1.4074;1.4175;1.4086;1.4195;1.4225;1.4168
1.40345;1.4074;1.4175;1.4086;1.4195;1.4225
1.4086;1.40345;1.4074;1.4175;1.4086;1.4195
1.4111;1.4086;1.40345;1.4074;1.4175;1.4086
1.4125;1.4111;1.4086;1.40345;1.4074;1.4175
1.4156;1.4125;1.4111;1.4086;1.40345;1.4074
1.4221;1.4156;1.4125;1.4111;1.4086;1.40345
1.42341;1.4221;1.4156;1.4125;1.4111;1.4086
1.4219;1.42341;1.4221;1.4156;1.4125;1.4111
1.4221;1.4219;1.42341;1.4221;1.4156;1.4125
1.433;1.4221;1.4219;1.42341;1.4221;1.4156
1.4307;1.433;1.4221;1.4219;1.42341;1.4221
1.4455;1.4307;1.433;1.4221;1.4219;1.42341
1.44796;1.4455;1.4307;1.433;1.4221;1.4219
1.4435;1.44796;1.4455;1.4307;1.433;1.4221
1.4476;1.4435;1.44796;1.4455;1.4307;1.433
1.4442;1.4476;1.4435;1.44796;1.4455;1.4307
1.4486;1.4442;1.4476;1.4435;1.44796;1.4455
1.4426;1.4486;1.4442;1.4476;1.4435;1.44796
1.43966;1.4426;1.4486;1.4442;1.4476;1.4435
1.4232;1.43966;1.4426;1.4486;1.4442;1.4476
1.4333;1.4232;1.43966;1.4426;1.4486;1.4442
1.4521;1.4333;1.4232;1.43966;1.4426;1.4486
1.4551;1.4521;1.4333;1.4232;1.43966;1.4426
1.4545;1.4551;1.4521;1.4333;1.4232;1.43966
1.45869;1.4545;1.4551;1.4521;1.4333;1.4232
1.4578;1.45869;1.4545;1.4551;1.4521;1.4333
1.4642;1.4578;1.45869;1.4545;1.4551;1.4521
1.4786;1.4642;1.4578;1.45869;1.4545;1.4551
1.4822;1.4786;1.4642;1.4578;1.45869;1.4545
1.4809;1.4822;1.4786;1.4642;1.4578;1.45869
1.48154;1.4809;1.4822;1.4786;1.4642;1.4578
1.4829;1.48154;1.4809;1.4822;1.4786;1.4642
1.4824;1.4829;1.48154;1.4809;1.4822;1.4786
1.4825;1.4824;1.4829;1.48154;1.4809;1.4822
1.4525;1.4825;1.4824;1.4829;1.48154;1.4809
1.4313;1.4525;1.4825;1.4824;1.4829;1.48154
1.43883;1.4313;1.4525;1.4825;1.4824;1.4829
1.4365;1.43883;1.4313;1.4525;1.4825;1.4824
1.4408;1.4365;1.43883;1.4313;1.4525;1.4825
1.4191;1.4408;1.4365;1.43883;1.4313;1.4525
1.4246;1.4191;1.4408;1.4365;1.43883;1.4313
1.4118;1.4246;1.4191;1.4408;1.4365;1.43883
1.4066;1.4118;1.4246;1.4191;1.4408;1.4365
1.4155;1.4066;1.4118;1.4246;1.4191;1.4408
1.4236;1.4155;1.4066;1.4118;1.4246;1.4191
1.4248;1.4236;1.4155;1.4066;1.4118;1.4246
1.4308;1.4248;1.4236;1.4155;1.4066;1.4118
1.416;1.4308;1.4248;1.4236;1.4155;1.4066
1.41163;1.416;1.4308;1.4248;1.4236;1.4155
1.4047;1.41163;1.416;1.4308;1.4248;1.4236
1.41;1.4047;1.41163;1.416;1.4308;1.4248
1.4087;1.41;1.4047;1.41163;1.416;1.4308
1.4143;1.4087;1.41;1.4047;1.41163;1.416
1.4317;1.4143;1.4087;1.41;1.4047;1.41163
1.42896;1.4317;1.4143;1.4087;1.41;1.4047
1.428;1.42896;1.4317;1.4143;1.4087;1.41
1.4393;1.428;1.42896;1.4317;1.4143;1.4087
1.4327;1.4393;1.428;1.42896;1.4317;1.4143
1.449;1.4327;1.4393;1.428;1.42896;1.4317
1.4635;1.449;1.4327;1.4393;1.428;1.42896
1.46524;1.4635;1.449;1.4327;1.4393;1.428
1.4575;1.46524;1.4635;1.449;1.4327;1.4393
1.469;1.4575;1.46524;1.4635;1.449;1.4327
1.4582;1.469;1.4575;1.46524;1.4635;1.449
1.4509;1.4582;1.469;1.4575;1.46524;1.4635
1.4346;1.4509;1.4582;1.469;1.4575;1.46524
1.43355;1.4346;1.4509;1.4582;1.469;1.4575
1.4412;1.43355;1.4346;1.4509;1.4582;1.469
1.4439;1.4412;1.43355;1.4346;1.4509;1.4582
1.4178;1.4439;1.4412;1.43355;1.4346;1.4509
1.4207;1.4178;1.4439;1.4412;1.43355;1.4346
1.431;1.4207;1.4178;1.4439;1.4412;1.43355
1.42576;1.431;1.4207;1.4178;1.4439;1.4412
1.4304;1.42576;1.431;1.4207;1.4178;1.4439
1.441;1.4304;1.42576;1.431;1.4207;1.4178
1.4354;1.441;1.4304;1.42576;1.431;1.4207
1.4255;1.4354;1.441;1.4304;1.42576;1.431
1.4187;1.4255;1.4354;1.441;1.4304;1.42576
1.41543;1.4187;1.4255;1.4354;1.441;1.4304
1.4287;1.41543;1.4187;1.4255;1.4354;1.441
1.4371;1.4287;1.41543;1.4187;1.4255;1.4354
1.4434;1.4371;1.4287;1.41543;1.4187;1.4255
1.4502;1.4434;1.4371;1.4287;1.41543;1.4187
1.4527;1.4502;1.4434;1.4371;1.4287;1.41543
1.45632;1.4527;1.4502;1.4434;1.4371;1.4287
1.4538;1.45632;1.4527;1.4502;1.4434;1.4371
1.4428;1.4538;1.45632;1.4527;1.4502;1.4434
1.4319;1.4428;1.4538;1.45632;1.4527;1.4502
1.4362;1.4319;1.4428;1.4538;1.45632;1.4527
1.4263;1.4362;1.4319;1.4428;1.4538;1.45632
1.42113;1.4263;1.4362;1.4319;1.4428;1.4538
1.4029;1.42113;1.4263;1.4362;1.4319;1.4428
1.3975;1.4029;1.42113;1.4263;1.4362;1.4319
1.4157;1.3975;1.4029;1.42113;1.4263;1.4362
1.4142;1.4157;1.3975;1.4029;1.42113;1.4263
1.4156;1.4142;1.4157;1.3975;1.4029;1.42113
1.41258;1.4156;1.4142;1.4157;1.3975;1.4029
1.4112;1.41258;1.4156;1.4142;1.4157;1.3975
1.4153;1.4112;1.41258;1.4156;1.4142;1.4157
1.4215;1.4153;1.4112;1.41258;1.4156;1.4142
1.4424;1.4215;1.4153;1.4112;1.41258;1.4156
1.4357;1.4424;1.4215;1.4153;1.4112;1.41258
1.43671;1.4357;1.4424;1.4215;1.4153;1.4112
1.4376;1.43671;1.4357;1.4424;1.4215;1.4153
1.4509;1.4376;1.43671;1.4357;1.4424;1.4215
1.4367;1.4509;1.4376;1.43671;1.4357;1.4424
1.433;1.4367;1.4509;1.4376;1.43671;1.4357
1.4397;1.433;1.4367;1.4509;1.4376;1.43671
1.43537;1.4397;1.433;1.4367;1.4509;1.4376
1.4249;1.43537;1.4397;1.433;1.4367;1.4509
1.4202;1.4249;1.43537;1.4397;1.433;1.4367
1.4321;1.4202;1.4249;1.43537;1.4397;1.433
1.409;1.4321;1.4202;1.4249;1.43537;1.4397
1.4281;1.409;1.4321;1.4202;1.4249;1.43537
1.43073;1.4281;1.409;1.4321;1.4202;1.4249
1.4177;1.43073;1.4281;1.409;1.4321;1.4202
1.4375;1.4177;1.43073;1.4281;1.409;1.4321
1.4177;1.4375;1.4177;1.43073;1.4281;1.409
1.424;1.4177;1.4375;1.4177;1.43073;1.4281
1.4245;1.424;1.4177;1.4375;1.4177;1.43073
1.42832;1.4245;1.424;1.4177;1.4375;1.4177
1.4442;1.42832;1.4245;1.424;1.4177;1.4375
1.4407;1.4442;1.42832;1.4245;1.424;1.4177
1.4425;1.4407;1.4442;1.42832;1.4245;1.424
1.4331;1.4425;1.4407;1.4442;1.42832;1.4245
1.4395;1.4331;1.4425;1.4407;1.4442;1.42832
1.43659;1.4395;1.4331;1.4425;1.4407;1.4442
1.4358;1.43659;1.4395;1.4331;1.4425;1.4407
1.444;1.4358;1.43659;1.4395;1.4331;1.4425
1.4414;1.444;1.4358;1.43659;1.4395;1.4331
1.4377;1.4414;1.444;1.4358;1.43659;1.4395
1.4498;1.4377;1.4414;1.444;1.4358;1.43659
1.44801;1.4498;1.4377;1.4414;1.444;1.4358
1.451;1.44801;1.4498;1.4377;1.4414;1.444
1.4441;1.451;1.44801;1.4498;1.4377;1.4414
1.4368;1.4441;1.451;1.44801;1.4498;1.4377
1.4259;1.4368;1.4441;1.451;1.44801;1.4498
1.4203;1.4259;1.4368;1.4441;1.451;1.44801
1.41478;1.4203;1.4259;1.4368;1.4441;1.451
1.4097;1.41478;1.4203;1.4259;1.4368;1.4441
1.3997;1.4097;1.41478;1.4203;1.4259;1.4368
1.4097;1.3997;1.4097;1.41478;1.4203;1.4259
1.3882;1.4097;1.3997;1.4097;1.41478;1.4203
1.3654;1.3882;1.4097;1.3997;1.4097;1.41478
1.35819;1.3654;1.3882;1.4097;1.3997;1.4097
1.3677;1.35819;1.3654;1.3882;1.4097;1.3997
1.3678;1.3677;1.35819;1.3654;1.3882;1.4097
1.3754;1.3678;1.3677;1.35819;1.3654;1.3882
1.3876;1.3754;1.3678;1.3677;1.35819;1.3654
1.3792;1.3876;1.3754;1.3678;1.3677;1.35819
1.36809;1.3792;1.3876;1.3754;1.3678;1.3677
1.3686;1.36809;1.3792;1.3876;1.3754;1.3678
1.3703;1.3686;1.36809;1.3792;1.3876;1.3754
1.3571;1.3703;1.3686;1.36809;1.3792;1.3876
1.3465;1.3571;1.3703;1.3686;1.36809;1.3792
1.3499;1.3465;1.3571;1.3703;1.3686;1.36809
1.35156;1.3499;1.3465;1.3571;1.3703;1.3686
1.3533;1.35156;1.3499;1.3465;1.3571;1.3703
1.3586;1.3533;1.35156;1.3499;1.3465;1.3571
1.3543;1.3586;1.3533;1.35156;1.3499;1.3465
1.3596;1.3543;1.3586;1.3533;1.35156;1.3499
1.3385;1.3596;1.3543;1.3586;1.3533;1.35156
1.3356;1.3385;1.3596;1.3543;1.3586;1.3533
1.3176;1.3356;1.3385;1.3596;1.3543;1.3586
1.3348;1.3176;1.3356;1.3385;1.3596;1.3543
1.3347;1.3348;1.3176;1.3356;1.3385;1.3596
1.3436;1.3347;1.3348;1.3176;1.3356;1.3385
1.3376;1.3436;1.3347;1.3348;1.3176;1.3356
1.33986;1.3376;1.3436;1.3347;1.3348;1.3176
1.3642;1.33986;1.3376;1.3436;1.3347;1.3348
1.3639;1.3642;1.33986;1.3376;1.3436;1.3347
1.3791;1.3639;1.3642;1.33986;1.3376;1.3436
1.3776;1.3791;1.3639;1.3642;1.33986;1.3376
1.388;1.3776;1.3791;1.3639;1.3642;1.33986
1.38727;1.388;1.3776;1.3791;1.3639;1.3642
1.3737;1.38727;1.388;1.3776;1.3791;1.3639
1.3751;1.3737;1.38727;1.388;1.3776;1.3791
1.376;1.3751;1.3737;1.38727;1.388;1.3776
1.3779;1.376;1.3751;1.3737;1.38727;1.388
1.3892;1.3779;1.376;1.3751;1.3737;1.38727
1.38495;1.3892;1.3779;1.376;1.3751;1.3737
1.3929;1.38495;1.3892;1.3779;1.376;1.3751
1.3907;1.3929;1.38495;1.3892;1.3779;1.376
1.3905;1.3907;1.3929;1.38495;1.3892;1.3779
1.4188;1.3905;1.3907;1.3929;1.38495;1.3892
1.4146;1.4188;1.3905;1.3907;1.3929;1.38495
1.41374;1.4146;1.4188;1.3905;1.3907;1.3929
1.3857;1.41374;1.4146;1.4188;1.3905;1.3907
1.3695;1.3857;1.41374;1.4146;1.4188;1.3905
1.3747;1.3695;1.3857;1.41374;1.4146;1.4188
1.3813;1.3747;1.3695;1.3857;1.41374;1.4146
1.3789;1.3813;1.3747;1.3695;1.3857;1.41374
1.37861;1.3789;1.3813;1.3747;1.3695;1.3857
1.3764;1.37861;1.3789;1.3813;1.3747;1.3695
1.3832;1.3764;1.37861;1.3789;1.3813;1.3747
1.3536;1.3832;1.3764;1.37861;1.3789;1.3813
1.3601;1.3536;1.3832;1.3764;1.37861;1.3789
1.3746;1.3601;1.3536;1.3832;1.3764;1.37861
1.37838;1.3746;1.3601;1.3536;1.3832;1.3764
1.3628;1.37838;1.3746;1.3601;1.3536;1.3832
1.3539;1.3628;1.37838;1.3746;1.3601;1.3536
1.3461;1.3539;1.3628;1.37838;1.3746;1.3601
1.3455;1.3461;1.3539;1.3628;1.37838;1.3746
1.3507;1.3455;1.3461;1.3539;1.3628;1.37838
1.3535;1.3507;1.3455;1.3461;1.3539;1.3628
1.3488;1.3535;1.3507;1.3455;1.3461;1.3539
1.3506;1.3488;1.3535;1.3507;1.3455;1.3461
1.3342;1.3506;1.3488;1.3535;1.3507;1.3455
1.3346;1.3342;1.3506;1.3488;1.3535;1.3507
1.3235;1.3346;1.3342;1.3506;1.3488;1.3535
1.33088;1.3235;1.3346;1.3342;1.3506;1.3488
1.3319;1.33088;1.3235;1.3346;1.3342;1.3506
1.3316;1.3319;1.33088;1.3235;1.3346;1.3342
1.3445;1.3316;1.3319;1.33088;1.3235;1.3346
1.346;1.3445;1.3316;1.3319;1.33088;1.3235
1.339;1.346;1.3445;1.3316;1.3319;1.33088
1.34161;1.339;1.346;1.3445;1.3316;1.3319
1.34;1.34161;1.339;1.346;1.3445;1.3316
1.34;1.34;1.34161;1.339;1.346;1.3445
1.3411;1.34;1.34;1.34161;1.339;1.346
1.3341;1.3411;1.34;1.34;1.34161;1.339
1.3385;1.3341;1.3411;1.34;1.34;1.34161
1.33696;1.3385;1.3341;1.3411;1.34;1.34
1.3186;1.33696;1.3385;1.3341;1.3411;1.34
1.3036;1.3186;1.33696;1.3385;1.3341;1.3411
1.2982;1.3036;1.3186;1.33696;1.3385;1.3341
1.3015;1.2982;1.3036;1.3186;1.33696;1.3385
1.3046;1.3015;1.2982;1.3036;1.3186;1.33696
1.30353;1.3046;1.3015;1.2982;1.3036;1.3186
1.2997;1.30353;1.3046;1.3015;1.2982;1.3036
1.3081;1.2997;1.30353;1.3046;1.3015;1.2982
1.3046;1.3081;1.2997;1.30353;1.3046;1.3015
1.305;1.3046;1.3081;1.2997;1.30353;1.3046
1.304;1.305;1.3046;1.3081;1.2997;1.30353
1.3058;1.304;1.305;1.3046;1.3081;1.2997
1.3069;1.3058;1.304;1.305;1.3046;1.3081
1.2941;1.3069;1.3058;1.304;1.305;1.3046
1.296;1.2941;1.3069;1.3058;1.304;1.305
1.296;1.296;1.2941;1.3069;1.3058;1.304
1.2933;1.296;1.296;1.2941;1.3069;1.3058
1.3051;1.2933;1.296;1.296;1.2941;1.3069
1.2942;1.3051;1.2933;1.296;1.296;1.2941
1.2787;1.2942;1.3051;1.2933;1.296;1.296
1.2718;1.2787;1.2942;1.3051;1.2933;1.296
1.26784;1.2718;1.2787;1.2942;1.3051;1.2933
1.2764;1.26784;1.2718;1.2787;1.2942;1.3051
1.2777;1.2764;1.26784;1.2718;1.2787;1.2942
1.2705;1.2777;1.2764;1.26784;1.2718;1.2787
1.2814;1.2705;1.2777;1.2764;1.26784;1.2718
1.2679;1.2814;1.2705;1.2777;1.2764;1.26784
1.26471;1.2679;1.2814;1.2705;1.2777;1.2764
1.2666;1.26471;1.2679;1.2814;1.2705;1.2777
1.2736;1.2666;1.26471;1.2679;1.2814;1.2705
1.2863;1.2736;1.2666;1.26471;1.2679;1.2814
1.2968;1.2863;1.2736;1.2666;1.26471;1.2679
1.293;1.2968;1.2863;1.2736;1.2666;1.26471
1.28865;1.293;1.2968;1.2863;1.2736;1.2666
1.3012;1.28865;1.293;1.2968;1.2863;1.2736
1.3035;1.3012;1.28865;1.293;1.2968;1.2863
1.3106;1.3035;1.3012;1.28865;1.293;1.2968
1.3108;1.3106;1.3035;1.3012;1.28865;1.293
1.3218;1.3108;1.3106;1.3035;1.3012;1.28865
1.32058;1.3218;1.3108;1.3106;1.3035;1.3012
1.3143;1.32058;1.3218;1.3108;1.3106;1.3035
1.3083;1.3143;1.32058;1.3218;1.3108;1.3106
1.3159;1.3083;1.3143;1.32058;1.3218;1.3108
1.3143;1.3159;1.3083;1.3143;1.32058;1.3218
1.3157;1.3143;1.3159;1.3083;1.3143;1.32058
1.31235;1.3157;1.3143;1.3159;1.3083;1.3143
1.3129;1.31235;1.3157;1.3143;1.3159;1.3083
1.326;1.3129;1.31235;1.3157;1.3143;1.3159
1.3259;1.326;1.3129;1.31235;1.3157;1.3143
1.3285;1.3259;1.326;1.3129;1.31235;1.3157
1.3196;1.3285;1.3259;1.326;1.3129;1.31235
1.32391;1.3196;1.3285;1.3259;1.326;1.3129
1.3185;1.32391;1.3196;1.3285;1.3259;1.326
1.3132;1.3185;1.32391;1.3196;1.3285;1.3259
1.3066;1.3132;1.3185;1.32391;1.3196;1.3285
1.3129;1.3066;1.3132;1.3185;1.32391;1.3196
1.3139;1.3129;1.3066;1.3132;1.3185;1.32391
1.32228;1.3139;1.3129;1.3066;1.3132;1.3185
1.3242;1.32228;1.3139;1.3129;1.3066;1.3132
1.3233;1.3242;1.32228;1.3139;1.3129;1.3066
1.3248;1.3233;1.3242;1.32228;1.3139;1.3129
1.3372;1.3248;1.3233;1.3242;1.32228;1.3139
1.3447;1.3372;1.3248;1.3233;1.3242;1.32228
1.34669;1.3447;1.3372;1.3248;1.3233;1.3242
1.3396;1.34669;1.3447;1.3372;1.3248;1.3233
1.3457;1.3396;1.34669;1.3447;1.3372;1.3248
1.3323;1.3457;1.3396;1.34669;1.3447;1.3372
1.331;1.3323;1.3457;1.3396;1.34669;1.3447
1.3197;1.331;1.3323;1.3457;1.3396;1.34669
1.31847;1.3197;1.331;1.3323;1.3457;1.3396
1.3216;1.31847;1.3197;1.331;1.3323;1.3457
1.3112;1.3216;1.31847;1.3197;1.331;1.3323
1.3149;1.3112;1.3216;1.31847;1.3197;1.331
1.3274;1.3149;1.3112;1.3216;1.31847;1.3197
1.312;1.3274;1.3149;1.3112;1.3216;1.31847
1.31214;1.312;1.3274;1.3149;1.3112;1.3216
1.3152;1.31214;1.312;1.3274;1.3149;1.3112
1.3083;1.3152;1.31214;1.312;1.3274;1.3149
1.3031;1.3083;1.3152;1.31214;1.312;1.3274
1.308;1.3031;1.3083;1.3152;1.31214;1.312
1.3174;1.308;1.3031;1.3083;1.3152;1.31214
1.31758;1.3174;1.308;1.3031;1.3083;1.3152
1.3237;1.31758;1.3174;1.308;1.3031;1.3083
1.3223;1.3237;1.31758;1.3174;1.308;1.3031
1.3215;1.3223;1.3237;1.31758;1.3174;1.308
1.32;1.3215;1.3223;1.3237;1.31758;1.3174
1.3268;1.32;1.3215;1.3223;1.3237;1.31758
1.32827;1.3268;1.32;1.3215;1.3223;1.3237
1.3356;1.32827;1.3268;1.32;1.3215;1.3223
1.3313;1.3356;1.32827;1.3268;1.32;1.3215
1.3316;1.3313;1.3356;1.32827;1.3268;1.32
1.3302;1.3316;1.3313;1.3356;1.32827;1.3268
1.3342;1.3302;1.3316;1.3313;1.3356;1.32827
1.3356;1.3342;1.3302;1.3316;1.3313;1.3356
1.3319;1.3356;1.3342;1.3302;1.3316;1.3313
1.3232;1.3319;1.3356;1.3342;1.3302;1.3316
1.3141;1.3232;1.3319;1.3356;1.3342;1.3302
1.3064;1.3141;1.3232;1.3319;1.3356;1.3342
1.3095;1.3064;1.3141;1.3232;1.3319;1.3356
1.30851;1.3095;1.3064;1.3141;1.3232;1.3319
1.3105;1.30851;1.3095;1.3064;1.3141;1.3232
1.3081;1.3105;1.30851;1.3095;1.3064;1.3141
1.3109;1.3081;1.3105;1.30851;1.3095;1.3064
1.3187;1.3109;1.3081;1.3105;1.30851;1.3095
1.3077;1.3187;1.3109;1.3081;1.3105;1.30851
1.30432;1.3077;1.3187;1.3109;1.3081;1.3105
1.3141;1.30432;1.3077;1.3187;1.3109;1.3081
1.3126;1.3141;1.30432;1.3077;1.3187;1.3109
1.3122;1.3126;1.3141;1.30432;1.3077;1.3187
1.3136;1.3122;1.3126;1.3141;1.30432;1.3077
1.3218;1.3136;1.3122;1.3126;1.3141;1.30432
1.32066;1.3218;1.3136;1.3122;1.3126;1.3141
1.3155;1.32066;1.3218;1.3136;1.3122;1.3126
1.3196;1.3155;1.32066;1.3218;1.3136;1.3122
1.3215;1.3196;1.3155;1.32066;1.3218;1.3136
1.3217;1.3215;1.3196;1.3155;1.32066;1.3218
1.3251;1.3217;1.3215;1.3196;1.3155;1.32066
1.3239;1.3251;1.3217;1.3215;1.3196;1.3155
1.3239;1.3239;1.3251;1.3217;1.3215;1.3196
1.3237;1.3239;1.3239;1.3251;1.3217;1.3215
1.3157;1.3237;1.3239;1.3239;1.3251;1.3217
1.3151;1.3157;1.3237;1.3239;1.3239;1.3251
1.3082;1.3151;1.3157;1.3237;1.3239;1.3239
1.29607;1.3082;1.3151;1.3157;1.3237;1.3239
1.305;1.29607;1.3082;1.3151;1.3157;1.3237
1.3004;1.305;1.29607;1.3082;1.3151;1.3157
1.2929;1.3004;1.305;1.29607;1.3082;1.3151
1.2935;1.2929;1.3004;1.305;1.29607;1.3082
1.2916;1.2935;1.2929;1.3004;1.305;1.29607
1.28969;1.2916;1.2935;1.2929;1.3004;1.305
1.2822;1.28969;1.2916;1.2935;1.2929;1.3004
1.2728;1.2822;1.28969;1.2916;1.2935;1.2929
1.2715;1.2728;1.2822;1.28969;1.2916;1.2935
1.2697;1.2715;1.2728;1.2822;1.28969;1.2916
1.2778;1.2697;1.2715;1.2728;1.2822;1.28969
1.27711;1.2778;1.2697;1.2715;1.2728;1.2822
1.2816;1.27711;1.2778;1.2697;1.2715;1.2728
1.2682;1.2816;1.27711;1.2778;1.2697;1.2715
1.258;1.2682;1.2816;1.27711;1.2778;1.2697
1.2531;1.258;1.2682;1.2816;1.27711;1.2778
1.2515;1.2531;1.258;1.2682;1.2816;1.27711
1.25658;1.2515;1.2531;1.258;1.2682;1.2816
1.254;1.25658;1.2515;1.2531;1.258;1.2682
1.2502;1.254;1.25658;1.2515;1.2531;1.258
1.2365;1.2502;1.254;1.25658;1.2515;1.2531
1.2363;1.2365;1.2502;1.254;1.25658;1.2515
1.2433;1.2363;1.2365;1.2502;1.254;1.25658
1.23978;1.2433;1.2363;1.2365;1.2502;1.254
1.2498;1.23978;1.2433;1.2363;1.2365;1.2502
1.2451;1.2498;1.23978;1.2433;1.2363;1.2365
1.258;1.2451;1.2498;1.23978;1.2433;1.2363
1.256;1.258;1.2451;1.2498;1.23978;1.2433
1.2515;1.256;1.258;1.2451;1.2498;1.23978
1.26439;1.2515;1.256;1.258;1.2451;1.2498
1.2481;1.26439;1.2515;1.256;1.258;1.2451
1.2503;1.2481;1.26439;1.2515;1.256;1.258
1.2556;1.2503;1.2481;1.26439;1.2515;1.256
1.2632;1.2556;1.2503;1.2481;1.26439;1.2515
1.2636;1.2632;1.2556;1.2503;1.2481;1.26439
1.27037;1.2636;1.2632;1.2556;1.2503;1.2481
1.2575;1.27037;1.2636;1.2632;1.2556;1.2503
1.2685;1.2575;1.27037;1.2636;1.2632;1.2556
1.2705;1.2685;1.2575;1.27037;1.2636;1.2632
1.2539;1.2705;1.2685;1.2575;1.27037;1.2636
1.2569;1.2539;1.2705;1.2685;1.2575;1.27037
1.25376;1.2569;1.2539;1.2705;1.2685;1.2575
1.2503;1.25376;1.2569;1.2539;1.2705;1.2685
1.249;1.2503;1.25376;1.2569;1.2539;1.2705
1.2468;1.249;1.2503;1.25376;1.2569;1.2539
1.2442;1.2468;1.249;1.2503;1.25376;1.2569
1.2666;1.2442;1.2468;1.249;1.2503;1.25376
1.2654;1.2666;1.2442;1.2468;1.249;1.2503
1.2574;1.2654;1.2666;1.2442;1.2468;1.249
1.2606;1.2574;1.2654;1.2666;1.2442;1.2468
1.2525;1.2606;1.2574;1.2654;1.2666;1.2442
1.2391;1.2525;1.2606;1.2574;1.2654;1.2666
1.2286;1.2391;1.2525;1.2606;1.2574;1.2654
1.22701;1.2286;1.2391;1.2525;1.2606;1.2574
1.2311;1.22701;1.2286;1.2391;1.2525;1.2606
1.2249;1.2311;1.22701;1.2286;1.2391;1.2525
1.2238;1.2249;1.2311;1.22701;1.2286;1.2391
1.2202;1.2238;1.2249;1.2311;1.22701;1.2286
1.2248;1.2202;1.2238;1.2249;1.2311;1.22701
1.22462;1.2248;1.2202;1.2238;1.2249;1.2311
1.2271;1.22462;1.2248;1.2202;1.2238;1.2249
1.2294;1.2271;1.22462;1.2248;1.2202;1.2238
1.2283;1.2294;1.2271;1.22462;1.2248;1.2202
1.2279;1.2283;1.2294;1.2271;1.22462;1.2248
1.2155;1.2279;1.2283;1.2294;1.2271;1.22462
1.21268;1.2155;1.2279;1.2283;1.2294;1.2271
1.2117;1.21268;1.2155;1.2279;1.2283;1.2294
1.206;1.2117;1.21268;1.2155;1.2279;1.2283
1.2158;1.206;1.2117;1.21268;1.2155;1.2279
1.2281;1.2158;1.206;1.2117;1.21268;1.2155
1.2321;1.2281;1.2158;1.206;1.2117;1.21268
1.2302;1.2321;1.2281;1.2158;1.206;1.2117
1.2259;1.2302;1.2321;1.2281;1.2158;1.206
1.2303;1.2259;1.2302;1.2321;1.2281;1.2158
1.2224;1.2303;1.2259;1.2302;1.2321;1.2281
1.2179;1.2224;1.2303;1.2259;1.2302;1.2321
1.2385;1.2179;1.2224;1.2303;1.2259;1.2302
1.24261;1.2385;1.2179;1.2224;1.2303;1.2259
1.24;1.24261;1.2385;1.2179;1.2224;1.2303
1.2398;1.24;1.24261;1.2385;1.2179;1.2224
1.2364;1.2398;1.24;1.24261;1.2385;1.2179
1.2305;1.2364;1.2398;1.24;1.24261;1.2385
1.229;1.2305;1.2364;1.2398;1.24;1.24261
1.22743;1.229;1.2305;1.2364;1.2398;1.24
1.2332;1.22743;1.229;1.2305;1.2364;1.2398
1.2321;1.2332;1.22743;1.229;1.2305;1.2364
1.2289;1.2321;1.2332;1.22743;1.229;1.2305
1.2355;1.2289;1.2321;1.2332;1.22743;1.229
1.2336;1.2355;1.2289;1.2321;1.2332;1.22743
1.23314;1.2336;1.2355;1.2289;1.2321;1.2332
1.2343;1.23314;1.2336;1.2355;1.2289;1.2321
1.2472;1.2343;1.23314;1.2336;1.2355;1.2289
1.2528;1.2472;1.2343;1.23314;1.2336;1.2355
1.2562;1.2528;1.2472;1.2343;1.23314;1.2336
1.2511;1.2562;1.2528;1.2472;1.2343;1.23314
1.25045;1.2511;1.2562;1.2528;1.2472;1.2343
1.2498;1.25045;1.2511;1.2562;1.2528;1.2472
1.2564;1.2498;1.25045;1.2511;1.2562;1.2528
1.2529;1.2564;1.2498;1.25045;1.2511;1.2562
1.2506;1.2529;1.2564;1.2498;1.25045;1.2511
1.2573;1.2506;1.2529;1.2564;1.2498;1.25045
1.25729;1.2573;1.2506;1.2529;1.2564;1.2498
1.2592;1.25729;1.2573;1.2506;1.2529;1.2564
1.2565;1.2592;1.25729;1.2573;1.2506;1.2529
1.26;1.2565;1.2592;1.25729;1.2573;1.2506
1.263;1.26;1.2565;1.2592;1.25729;1.2573
1.2816;1.263;1.26;1.2565;1.2592;1.25729
1.2795;1.2816;1.263;1.26;1.2565;1.2592
1.2759;1.2795;1.2816;1.263;1.26;1.2565
1.2854;1.2759;1.2795;1.2816;1.263;1.26
1.2899;1.2854;1.2759;1.2795;1.2816;1.263
1.2987;1.2899;1.2854;1.2759;1.2795;1.2816
1.3128;1.2987;1.2899;1.2854;1.2759;1.2795
1.3117;1.3128;1.2987;1.2899;1.2854;1.2759
1.30472;1.3117;1.3128;1.2987;1.2899;1.2854
1.30475;1.30472;1.3117;1.3128;1.2987;1.2899
1.2967;1.30475;1.30472;1.3117;1.3128;1.2987
1.29785;1.2967;1.30475;1.30472;1.3117;1.3128
1.29294;1.29785;1.2967;1.30475;1.30472;1.3117
1.29003;1.29294;1.29785;1.2967;1.30475;1.30472
1.2871;1.29003;1.29294;1.29785;1.2967;1.30475
1.29127;1.2871;1.29003;1.29294;1.29785;1.2967
1.28562;1.29127;1.2871;1.29003;1.29294;1.29785
1.28872;1.28562;1.29127;1.2871;1.29003;1.29294
1.29191;1.28872;1.28562;1.29127;1.2871;1.29003
1.29047;1.29191;1.28872;1.28562;1.29127;1.2871
1.30168;1.29047;1.29191;1.28872;1.28562;1.29127
1.30324;1.30168;1.29047;1.29191;1.28872;1.28562
1.29675;1.30324;1.30168;1.29047;1.29191;1.28872
1.28833;1.29675;1.30324;1.30168;1.29047;1.29191
1.28737;1.28833;1.29675;1.30324;1.30168;1.29047
1.29271;1.28737;1.28833;1.29675;1.30324;1.30168
1.29519;1.29271;1.28737;1.28833;1.29675;1.30324
1.29487;1.29519;1.29271;1.28737;1.28833;1.29675
1.30525;1.29487;1.29519;1.29271;1.28737;1.28833
1.31177;1.30525;1.29487;1.29519;1.29271;1.28737
1.30656;1.31177;1.30525;1.29487;1.29519;1.29271
1.30202;1.30656;1.31177;1.30525;1.29487;1.29519
1.30586;1.30202;1.30656;1.31177;1.30525;1.29487
1.29854;1.30586;1.30202;1.30656;1.31177;1.30525
1.29705;1.29854;1.30586;1.30202;1.30656;1.31177
1.29322;1.29705;1.29854;1.30586;1.30202;1.30656
1.29395;1.29322;1.29705;1.29854;1.30586;1.30202
1.29023;1.29395;1.29322;1.29705;1.29854;1.30586
1.2956;1.29023;1.29395;1.29322;1.29705;1.29854
1.29589;1.2956;1.29023;1.29395;1.29322;1.29705
1.29416;1.29589;1.2956;1.29023;1.29395;1.29322
1.28379;1.29416;1.29589;1.2956;1.29023;1.29395
1.27951;1.28379;1.29416;1.29589;1.2956;1.29023
1.28129;1.27951;1.28379;1.29416;1.29589;1.2956
1.27701;1.28129;1.27951;1.28379;1.29416;1.29589
1.27456;1.27701;1.28129;1.27951;1.28379;1.29416
1.27087;1.27456;1.27701;1.28129;1.27951;1.28379
1.27085;1.27087;1.27456;1.27701;1.28129;1.27951
1.27032;1.27085;1.27087;1.27456;1.27701;1.28129
1.27344;1.27032;1.27085;1.27087;1.27456;1.27701
1.27785;1.27344;1.27032;1.27085;1.27087;1.27456
1.27396;1.27785;1.27344;1.27032;1.27085;1.27087
1.28123;1.27396;1.27785;1.27344;1.27032;1.27085
1.28166;1.28123;1.27396;1.27785;1.27344;1.27032
1.28249;1.28166;1.28123;1.27396;1.27785;1.27344
1.28817;1.28249;1.28166;1.28123;1.27396;1.27785
1.29704;1.28817;1.28249;1.28166;1.28123;1.27396
1.29708;1.29704;1.28817;1.28249;1.28166;1.28123
1.29416;1.29708;1.29704;1.28817;1.28249;1.28166
1.29516;1.29416;1.29708;1.29704;1.28817;1.28249
1.29778;1.29516;1.29416;1.29708;1.29704;1.28817
1.29856;1.29778;1.29516;1.29416;1.29708;1.29704
1.30514;1.29856;1.29778;1.29516;1.29416;1.29708
1.30928;1.30514;1.29856;1.29778;1.29516;1.29416
1.3066;1.30928;1.30514;1.29856;1.29778;1.29516
1.29671;1.3066;1.30928;1.30514;1.29856;1.29778
1.29242;1.29671;1.3066;1.30928;1.30514;1.29856
1.29397;1.29242;1.29671;1.3066;1.30928;1.30514
1.30043;1.29397;1.29242;1.29671;1.3066;1.30928
1.30728;1.30043;1.29397;1.29242;1.29671;1.3066
1.30762;1.30728;1.30043;1.29397;1.29242;1.29671
1.31604;1.30762;1.30728;1.30043;1.29397;1.29242
1.31621;1.31604;1.30762;1.30728;1.30043;1.29397
1.32266;1.31621;1.31604;1.30762;1.30728;1.30043
1.32261;1.32266;1.31621;1.31604;1.30762;1.30728
1.3243;1.32261;1.32266;1.31621;1.31604;1.30762
1.31882;1.3243;1.32261;1.32266;1.31621;1.31604
1.31919;1.31882;1.3243;1.32261;1.32266;1.31621
1.32236;1.31919;1.31882;1.3243;1.32261;1.32266
1.32346;1.32236;1.31919;1.31882;1.3243;1.32261
1.32159;1.32346;1.32236;1.31919;1.31882;1.3243
1.3192;1.32159;1.32346;1.32236;1.31919;1.31882
1.31859;1.3192;1.32159;1.32346;1.32236;1.31919
1.3048;1.31859;1.3192;1.32159;1.32346;1.32236
1.30657;1.3048;1.31859;1.3192;1.32159;1.32346
1.31152;1.30657;1.3048;1.31859;1.3192;1.32159
1.30803;1.31152;1.30657;1.3048;1.31859;1.3192
1.30631;1.30803;1.31152;1.30657;1.3048;1.31859
1.32706;1.30631;1.30803;1.31152;1.30657;1.3048
1.33421;1.32706;1.30631;1.30803;1.31152;1.30657
1.33799;1.33421;1.32706;1.30631;1.30803;1.31152
1.33039;1.33799;1.33421;1.32706;1.30631;1.30803
1.32879;1.33039;1.33799;1.33421;1.32706;1.30631
1.33723;1.32879;1.33039;1.33799;1.33421;1.32706
1.33175;1.33723;1.32879;1.33039;1.33799;1.33421
1.33115;1.33175;1.33723;1.32879;1.33039;1.33799
1.33205;1.33115;1.33175;1.33723;1.32879;1.33039
1.33171;1.33205;1.33115;1.33175;1.33723;1.32879
1.33752;1.33171;1.33205;1.33115;1.33175;1.33723
1.3461;1.33752;1.33171;1.33205;1.33115;1.33175
1.34544;1.3461;1.33752;1.33171;1.33205;1.33115
1.34903;1.34544;1.3461;1.33752;1.33171;1.33205
1.35661;1.34903;1.34544;1.3461;1.33752;1.33171
1.3576;1.35661;1.34903;1.34544;1.3461;1.33752
1.36386;1.3576;1.35661;1.34903;1.34544;1.3461
1.35113;1.36386;1.3576;1.35661;1.34903;1.34544
1.35808;1.35113;1.36386;1.3576;1.35661;1.34903
1.35195;1.35808;1.35113;1.36386;1.3576;1.35661
1.3396;1.35195;1.35808;1.35113;1.36386;1.3576
1.33621;1.3396;1.35195;1.35808;1.35113;1.36386
1.3405;1.33621;1.3396;1.35195;1.35808;1.35113
1.34536;1.3405;1.33621;1.3396;1.35195;1.35808
1.34494;1.34536;1.3405;1.33621;1.3396;1.35195
1.33623;1.34494;1.34536;1.3405;1.33621;1.3396
1.33558;1.33623;1.34494;1.34536;1.3405;1.33621
1.33502;1.33558;1.33623;1.34494;1.34536;1.3405
1.33855;1.33502;1.33558;1.33623;1.34494;1.34536
1.32809;1.33855;1.33502;1.33558;1.33623;1.34494
1.3188;1.32809;1.33855;1.33502;1.33558;1.33623
1.31888;1.3188;1.32809;1.33855;1.33502;1.33558
1.30611;1.31888;1.3188;1.32809;1.33855;1.33502
1.30598;1.30611;1.31888;1.3188;1.32809;1.33855
1.31378;1.30598;1.30611;1.31888;1.3188;1.32809
1.30555;1.31378;1.30598;1.30611;1.31888;1.3188
1.30178;1.30555;1.31378;1.30598;1.30611;1.31888
1.30247;1.30178;1.30555;1.31378;1.30598;1.30611
1.30503;1.30247;1.30178;1.30555;1.31378;1.30598
1.29658;1.30503;1.30247;1.30178;1.30555;1.31378
1.31061;1.29658;1.30503;1.30247;1.30178;1.30555
1.30011;1.31061;1.29658;1.30503;1.30247;1.30178
1.3045;1.30011;1.31061;1.29658;1.30503;1.30247
1.30329;1.3045;1.30011;1.31061;1.29658;1.30503
1.296;1.30329;1.3045;1.30011;1.31061;1.29658
1.30031;1.296;1.30329;1.3045;1.30011;1.31061
1.30716;1.30031;1.296;1.30329;1.3045;1.30011
1.29549;1.30716;1.30031;1.296;1.30329;1.3045
1.28797;1.29549;1.30716;1.30031;1.296;1.30329
1.29317;1.28797;1.29549;1.30716;1.30031;1.296
1.28963;1.29317;1.28797;1.29549;1.30716;1.30031
1.29789;1.28963;1.29317;1.28797;1.29549;1.30716
1.28517;1.29789;1.28963;1.29317;1.28797;1.29549
1.28599;1.28517;1.29789;1.28963;1.29317;1.28797
1.27793;1.28599;1.28517;1.29789;1.28963;1.29317
1.2815;1.27793;1.28599;1.28517;1.29789;1.28963
1.28154;1.2815;1.27793;1.28599;1.28517;1.29789
1.28465;1.28154;1.2815;1.27793;1.28599;1.28517
1.28175;1.28465;1.28154;1.2815;1.27793;1.28599
1.28465;1.28175;1.28465;1.28154;1.2815;1.27793
1.29352;1.28465;1.28175;1.28465;1.28154;1.2815
1.29919;1.29352;1.28465;1.28175;1.28465;1.28154
1.30073;1.29919;1.29352;1.28465;1.28175;1.28465
1.30813;1.30073;1.29919;1.29352;1.28465;1.28175
1.30691;1.30813;1.30073;1.29919;1.29352;1.28465
1.30978;1.30691;1.30813;1.30073;1.29919;1.29352
1.31056;1.30978;1.30691;1.30813;1.30073;1.29919
1.3032;1.31056;1.30978;1.30691;1.30813;1.30073
1.31752;1.3032;1.31056;1.30978;1.30691;1.30813
1.30281;1.31752;1.3032;1.31056;1.30978;1.30691
1.30481;1.30281;1.31752;1.3032;1.31056;1.30978
1.30504;1.30481;1.30281;1.31752;1.3032;1.31056
1.3065;1.30504;1.30481;1.30281;1.31752;1.3032
1.29913;1.3065;1.30504;1.30481;1.30281;1.31752
1.30145;1.29913;1.3065;1.30504;1.30481;1.30281
1.30108;1.30145;1.29913;1.3065;1.30504;1.30481
1.30284;1.30108;1.30145;1.29913;1.3065;1.30504
1.30968;1.30284;1.30108;1.30145;1.29913;1.3065
1.31669;1.30968;1.30284;1.30108;1.30145;1.29913
1.31782;1.31669;1.30968;1.30284;1.30108;1.30145
1.30646;1.31782;1.31669;1.30968;1.30284;1.30108
1.31131;1.30646;1.31782;1.31669;1.30968;1.30284
1.30757;1.31131;1.30646;1.31782;1.31669;1.30968
1.30786;1.30757;1.31131;1.30646;1.31782;1.31669
1.31523;1.30786;1.30757;1.31131;1.30646;1.31782
1.30414;1.31523;1.30786;1.30757;1.31131;1.30646
1.29879;1.30414;1.31523;1.30786;1.30757;1.31131
1.29746;1.29879;1.30414;1.31523;1.30786;1.30757
1.2917;1.29746;1.29879;1.30414;1.31523;1.30786
1.2886;1.2917;1.29746;1.29879;1.30414;1.31523
1.28814;1.2886;1.2917;1.29746;1.29879;1.30414
1.28378;1.28814;1.2886;1.2917;1.29746;1.29879
1.28814;1.28378;1.28814;1.2886;1.2917;1.29746
1.29055;1.28814;1.28378;1.28814;1.2886;1.2917
1.28575;1.29055;1.28814;1.28378;1.28814;1.2886
1.29335;1.28575;1.29055;1.28814;1.28378;1.28814
1.29303;1.29335;1.28575;1.29055;1.28814;1.28378
1.29291;1.29303;1.29335;1.28575;1.29055;1.28814
1.28552;1.29291;1.29303;1.29335;1.28575;1.29055
1.29389;1.28552;1.29291;1.29303;1.29335;1.28575
1.30477;1.29389;1.28552;1.29291;1.29303;1.29335
1.29963;1.30477;1.29389;1.28552;1.29291;1.29303
1.30775;1.29963;1.30477;1.29389;1.28552;1.29291
1.30806;1.30775;1.29963;1.30477;1.29389;1.28552
1.3092;1.30806;1.30775;1.29963;1.30477;1.29389
1.32458;1.3092;1.30806;1.30775;1.29963;1.30477
1.32163;1.32458;1.3092;1.30806;1.30775;1.29963
1.3256;1.32163;1.32458;1.3092;1.30806;1.30775
1.33142;1.3256;1.32163;1.32458;1.3092;1.30806
1.33364;1.33142;1.3256;1.32163;1.32458;1.3092
1.33757;1.33364;1.33142;1.3256;1.32163;1.32458
1.33429;1.33757;1.33364;1.33142;1.3256;1.32163
1.33651;1.33429;1.33757;1.33364;1.33142;1.3256
1.33938;1.33651;1.33429;1.33757;1.33364;1.33142
1.3295;1.33938;1.33651;1.33429;1.33757;1.33364
1.32187;1.3295;1.33938;1.33651;1.33429;1.33757
1.3123;1.32187;1.3295;1.33938;1.33651;1.33429
1.31191;1.3123;1.32187;1.3295;1.33938;1.33651
1.30822;1.31191;1.3123;1.32187;1.3295;1.33938
1.30119;1.30822;1.31191;1.3123;1.32187;1.3295
1.30385;1.30119;1.30822;1.31191;1.3123;1.32187
1.30084;1.30385;1.30119;1.30822;1.31191;1.3123
1.30629;1.30084;1.30385;1.30119;1.30822;1.31191
1.29788;1.30629;1.30084;1.30385;1.30119;1.30822
1.301;1.29788;1.30629;1.30084;1.30385;1.30119
1.29132;1.301;1.29788;1.30629;1.30084;1.30385
1.28313;1.29132;1.301;1.29788;1.30629;1.30084
1.28702;1.28313;1.29132;1.301;1.29788;1.30629
1.27805;1.28702;1.28313;1.29132;1.301;1.29788
1.2976;1.27805;1.28702;1.28313;1.29132;1.301
1.30971;1.2976;1.27805;1.28702;1.28313;1.29132
1.3068;1.30971;1.2976;1.27805;1.28702;1.28313
1.30623;1.3068;1.30971;1.2976;1.27805;1.28702
1.31618;1.30623;1.3068;1.30971;1.2976;1.27805
1.31249;1.31618;1.30623;1.3068;1.30971;1.2976
1.31087;1.31249;1.31618;1.30623;1.3068;1.30971
1.31431;1.31087;1.31249;1.31618;1.30623;1.3068
1.31855;1.31431;1.31087;1.31249;1.31618;1.30623
1.32233;1.31855;1.31431;1.31087;1.31249;1.31618
1.32002;1.32233;1.31855;1.31431;1.31087;1.31249
1.32772;1.32002;1.32233;1.31855;1.31431;1.31087
1.32778;1.32772;1.32002;1.32233;1.31855;1.31431
1.32623;1.32778;1.32772;1.32002;1.32233;1.31855
1.32624;1.32623;1.32778;1.32772;1.32002;1.32233
1.33019;1.32624;1.32623;1.32778;1.32772;1.32002
1.32079;1.33019;1.32624;1.32623;1.32778;1.32772
1.32812;1.32079;1.33019;1.32624;1.32623;1.32778
1.32585;1.32812;1.32079;1.33019;1.32624;1.32623
1.33053;1.32585;1.32812;1.32079;1.33019;1.32624
1.33361;1.33053;1.32585;1.32812;1.32079;1.33019
1.33805;1.33361;1.33053;1.32585;1.32812;1.32079
1.33403;1.33805;1.33361;1.33053;1.32585;1.32812
1.33;1.33403;1.33805;1.33361;1.33053;1.32585
1.32632;1.33;1.33403;1.33805;1.33361;1.33053
1.32544;1.32632;1.33;1.33403;1.33805;1.33361
1.33445;1.32544;1.32632;1.33;1.33403;1.33805
1.33262;1.33445;1.32544;1.32632;1.33;1.33403
1.3335;1.33262;1.33445;1.32544;1.32632;1.33
1.3417;1.3335;1.33262;1.33445;1.32544;1.32632
1.33553;1.3417;1.3335;1.33262;1.33445;1.32544
1.33564;1.33553;1.3417;1.3335;1.33262;1.33445
1.33802;1.33564;1.33553;1.3417;1.3335;1.33262
1.3369;1.33802;1.33564;1.33553;1.3417;1.3335
1.33929;1.3369;1.33802;1.33564;1.33553;1.3417
1.33395;1.33929;1.3369;1.33802;1.33564;1.33553
1.32403;1.33395;1.33929;1.3369;1.33802;1.33564
1.32199;1.32403;1.33395;1.33929;1.3369;1.33802
1.31915;1.32199;1.32403;1.33395;1.33929;1.3369
1.31702;1.31915;1.32199;1.32403;1.33395;1.33929
1.3207;1.31702;1.31915;1.32199;1.32403;1.33395
1.31202;1.3207;1.31702;1.31915;1.32199;1.32403
1.31782;1.31202;1.3207;1.31702;1.31915;1.32199
1.32549;1.31782;1.31202;1.3207;1.31702;1.31915
1.32672;1.32549;1.31782;1.31202;1.3207;1.31702
1.33113;1.32672;1.32549;1.31782;1.31202;1.3207
1.32988;1.33113;1.32672;1.32549;1.31782;1.31202
1.32967;1.32988;1.33113;1.32672;1.32549;1.31782
1.3334;1.32967;1.32988;1.33113;1.32672;1.32549
1.33591;1.3334;1.32967;1.32988;1.33113;1.32672
1.35226;1.33591;1.3334;1.32967;1.32988;1.33113
1.35292;1.35226;1.33591;1.3334;1.32967;1.32988
1.3526;1.35292;1.35226;1.33591;1.3334;1.32967
1.34929;1.3526;1.35292;1.35226;1.33591;1.3334
1.34733;1.34929;1.3526;1.35292;1.35226;1.33591
1.35256;1.34733;1.34929;1.3526;1.35292;1.35226
1.34887;1.35256;1.34733;1.34929;1.3526;1.35292
1.3522;1.34887;1.35256;1.34733;1.34929;1.3526
1.35254;1.3522;1.34887;1.35256;1.34733;1.34929
1.35255;1.35254;1.3522;1.34887;1.35256;1.34733
1.35786;1.35255;1.35254;1.3522;1.34887;1.35256
1.36184;1.35786;1.35255;1.35254;1.3522;1.34887
1.35553;1.36184;1.35786;1.35255;1.35254;1.3522
1.35812;1.35553;1.36184;1.35786;1.35255;1.35254
1.35735;1.35812;1.35553;1.36184;1.35786;1.35255
1.3524;1.35735;1.35812;1.35553;1.36184;1.35786
1.35196;1.3524;1.35735;1.35812;1.35553;1.36184
1.35421;1.35196;1.3524;1.35735;1.35812;1.35553
1.35608;1.35421;1.35196;1.3524;1.35735;1.35812
1.35235;1.35608;1.35421;1.35196;1.3524;1.35735
1.35325;1.35235;1.35608;1.35421;1.35196;1.3524
1.36753;1.35325;1.35235;1.35608;1.35421;1.35196
1.36832;1.36753;1.35325;1.35235;1.35608;1.35421
1.36793;1.36832;1.36753;1.35325;1.35235;1.35608
1.37807;1.36793;1.36832;1.36753;1.35325;1.35235
1.37756;1.37807;1.36793;1.36832;1.36753;1.35325
1.38012;1.37756;1.37807;1.36793;1.36832;1.36753
1.38028;1.38012;1.37756;1.37807;1.36793;1.36832
1.37854;1.38028;1.38012;1.37756;1.37807;1.36793
1.37451;1.37854;1.38028;1.38012;1.37756;1.37807
1.37356;1.37451;1.37854;1.38028;1.38012;1.37756
1.3583;1.37356;1.37451;1.37854;1.38028;1.38012
1.3487;1.3583;1.37356;1.37451;1.37854;1.38028
1.35143;1.3487;1.3583;1.37356;1.37451;1.37854
1.34742;1.35143;1.3487;1.3583;1.37356;1.37451
1.35136;1.34742;1.35143;1.3487;1.3583;1.37356
1.34192;1.35136;1.34742;1.35143;1.3487;1.3583
1.33669;1.34192;1.35136;1.34742;1.35143;1.3487
1.34061;1.33669;1.34192;1.35136;1.34742;1.35143
1.34354;1.34061;1.33669;1.34192;1.35136;1.34742
1.34854;1.34354;1.34061;1.33669;1.34192;1.35136
1.34598;1.34854;1.34354;1.34061;1.33669;1.34192
1.34954;1.34598;1.34854;1.34354;1.34061;1.33669
1.35055;1.34954;1.34598;1.34854;1.34354;1.34061
1.35385;1.35055;1.34954;1.34598;1.34854;1.34354
1.34393;1.35385;1.35055;1.34954;1.34598;1.34854
1.34809;1.34393;1.35385;1.35055;1.34954;1.34598
1.35565;1.34809;1.34393;1.35385;1.35055;1.34954
1.35167;1.35565;1.34809;1.34393;1.35385;1.35055
1.35724;1.35167;1.35565;1.34809;1.34393;1.35385
1.35795;1.35724;1.35167;1.35565;1.34809;1.34393
1.36045;1.35795;1.35724;1.35167;1.35565;1.34809
1.35903;1.36045;1.35795;1.35724;1.35167;1.35565
1.35417;1.35903;1.36045;1.35795;1.35724;1.35167
1.35898;1.35417;1.35903;1.36045;1.35795;1.35724
1.35934;1.35898;1.35417;1.35903;1.36045;1.35795
1.36671;1.35934;1.35898;1.35417;1.35903;1.36045
1.3705;1.36671;1.35934;1.35898;1.35417;1.35903
1.37384;1.3705;1.36671;1.35934;1.35898;1.35417
1.37608;1.37384;1.3705;1.36671;1.35934;1.35898
1.3786;1.37608;1.37384;1.3705;1.36671;1.35934
1.37533;1.3786;1.37608;1.37384;1.3705;1.36671
1.37412;1.37533;1.3786;1.37608;1.37384;1.3705
1.37603;1.37412;1.37533;1.3786;1.37608;1.37384
1.3768;1.37603;1.37412;1.37533;1.3786;1.37608
1.36835;1.3768;1.37603;1.37412;1.37533;1.3786
1.3661;1.36835;1.3768;1.37603;1.37412;1.37533
1.36715;1.3661;1.36835;1.3768;1.37603;1.37412
1.36955;1.36715;1.3661;1.36835;1.3768;1.37603
1.36756;1.36955;1.36715;1.3661;1.36835;1.3768
1.3691;1.36756;1.36955;1.36715;1.3661;1.36835
1.37448;1.3691;1.36756;1.36955;1.36715;1.3661
1.38033;1.37448;1.3691;1.36756;1.36955;1.36715
1.37498;1.38033;1.37448;1.3691;1.36756;1.36955
1.3756;1.37498;1.38033;1.37448;1.3691;1.36756
1.36716;1.3756;1.37498;1.38033;1.37448;1.3691
1.35877;1.36716;1.3756;1.37498;1.38033;1.37448
1.36277;1.35877;1.36716;1.3756;1.37498;1.38033
1.36156;1.36277;1.35877;1.36716;1.3756;1.37498
1.35748;1.36156;1.36277;1.35877;1.36716;1.3756
1.36069;1.35748;1.36156;1.36277;1.35877;1.36716
1.36687;1.36069;1.35748;1.36156;1.36277;1.35877
1.36716;1.36687;1.36069;1.35748;1.36156;1.36277
1.36794;1.36716;1.36687;1.36069;1.35748;1.36156
1.3605;1.36794;1.36716;1.36687;1.36069;1.35748
1.36199;1.3605;1.36794;1.36716;1.36687;1.36069
1.35409;1.36199;1.3605;1.36794;1.36716;1.36687
1.35519;1.35409;1.36199;1.3605;1.36794;1.36716
1.35615;1.35519;1.35409;1.36199;1.3605;1.36794
1.3547;1.35615;1.35519;1.35409;1.36199;1.3605
1.36966;1.3547;1.35615;1.35519;1.35409;1.36199
1.36771;1.36966;1.3547;1.35615;1.35519;1.35409
1.36735;1.36771;1.36966;1.3547;1.35615;1.35519
1.367;1.36735;1.36771;1.36966;1.3547;1.35615
1.3664;1.367;1.36735;1.36771;1.36966;1.3547
1.35545;1.3664;1.367;1.36735;1.36771;1.36966
1.34864;1.35545;1.3664;1.367;1.36735;1.36771
1.3525;1.34864;1.35545;1.3664;1.367;1.36735
1.35183;1.3525;1.34864;1.35545;1.3664;1.367
1.35333;1.35183;1.3525;1.34864;1.35545;1.3664
1.35898;1.35333;1.35183;1.3525;1.34864;1.35545
1.36347;1.35898;1.35333;1.35183;1.3525;1.34864
1.36453;1.36347;1.35898;1.35333;1.35183;1.3525
1.36374;1.36453;1.36347;1.35898;1.35333;1.35183
1.35932;1.36374;1.36453;1.36347;1.35898;1.35333
1.36804;1.35932;1.36374;1.36453;1.36347;1.35898
1.36927;1.36804;1.35932;1.36374;1.36453;1.36347
1.37066;1.36927;1.36804;1.35932;1.36374;1.36453
1.37586;1.37066;1.36927;1.36804;1.35932;1.36374
1.37331;1.37586;1.37066;1.36927;1.36804;1.35932
1.3718;1.37331;1.37586;1.37066;1.36927;1.36804
1.37383;1.3718;1.37331;1.37586;1.37066;1.36927
1.3735;1.37383;1.3718;1.37331;1.37586;1.37066
1.3745;1.3735;1.37383;1.3718;1.37331;1.37586
1.36868;1.3745;1.3735;1.37383;1.3718;1.37331
1.37102;1.36868;1.3745;1.3735;1.37383;1.3718
1.38011;1.37102;1.36868;1.3745;1.3735;1.37383
1.37349;1.38011;1.37102;1.36868;1.3745;1.3735
1.37417;1.37349;1.38011;1.37102;1.36868;1.3745
1.37337;1.37417;1.37349;1.38011;1.37102;1.36868
1.38588;1.37337;1.37417;1.37349;1.38011;1.37102
1.3877;1.38588;1.37337;1.37417;1.37349;1.38011
1.38767;1.3877;1.38588;1.37337;1.37417;1.37349
1.38596;1.38767;1.3877;1.38588;1.37337;1.37417
1.39041;1.38596;1.38767;1.3877;1.38588;1.37337
1.38692;1.39041;1.38596;1.38767;1.3877;1.38588
1.39105;1.38692;1.39041;1.38596;1.38767;1.3877
1.39223;1.39105;1.38692;1.39041;1.38596;1.38767
1.39342;1.39223;1.39105;1.38692;1.39041;1.38596
1.38329;1.39342;1.39223;1.39105;1.38692;1.39041
1.37784;1.38329;1.39342;1.39223;1.39105;1.38692
1.37927;1.37784;1.38329;1.39342;1.39223;1.39105
1.38397;1.37927;1.37784;1.38329;1.39342;1.39223
1.38256;1.38397;1.37927;1.37784;1.38329;1.39342
1.37845;1.38256;1.38397;1.37927;1.37784;1.38329
1.37408;1.37845;1.38256;1.38397;1.37927;1.37784
1.37524;1.37408;1.37845;1.38256;1.38397;1.37927
1.37713;1.37524;1.37408;1.37845;1.38256;1.38397
1.37919;1.37713;1.37524;1.37408;1.37845;1.38256
1.37668;1.37919;1.37713;1.37524;1.37408;1.37845
1.37202;1.37668;1.37919;1.37713;1.37524;1.37408
1.37027;1.37202;1.37668;1.37919;1.37713;1.37524
1.37414;1.37027;1.37202;1.37668;1.37919;1.37713
1.37973;1.37414;1.37027;1.37202;1.37668;1.37919
1.38553;1.37973;1.37414;1.37027;1.37202;1.37668
1.38871;1.38553;1.37973;1.37414;1.37027;1.37202
1.38853;1.38871;1.38553;1.37973;1.37414;1.37027
1.38204;1.38853;1.38871;1.38553;1.37973;1.37414
1.38148;1.38204;1.38853;1.38871;1.38553;1.37973
1.38155;1.38148;1.38204;1.38853;1.38871;1.38553
1.38136;1.38155;1.38148;1.38204;1.38853;1.38871
1.3814;1.38136;1.38155;1.38148;1.38204;1.38853
1.37939;1.3814;1.38136;1.38155;1.38148;1.38204
1.38052;1.37939;1.3814;1.38136;1.38155;1.38148
1.38173;1.38052;1.37939;1.3814;1.38136;1.38155
1.38321;1.38173;1.38052;1.37939;1.3814;1.38136
1.38345;1.38321;1.38173;1.38052;1.37939;1.3814
1.38514;1.38345;1.38321;1.38173;1.38052;1.37939
1.38123;1.38514;1.38345;1.38321;1.38173;1.38052
1.38672;1.38123;1.38514;1.38345;1.38321;1.38173
1.38689;1.38672;1.38123;1.38514;1.38345;1.38321
1.38736;1.38689;1.38672;1.38123;1.38514;1.38345
1.38753;1.38736;1.38689;1.38672;1.38123;1.38514
1.39271;1.38753;1.38736;1.38689;1.38672;1.38123
1.39104;1.39271;1.38753;1.38736;1.38689;1.38672
1.38404;1.39104;1.39271;1.38753;1.38736;1.38689
1.37605;1.38404;1.39104;1.39271;1.38753;1.38736
1.37574;1.37605;1.38404;1.39104;1.39271;1.38753
1.37032;1.37574;1.37605;1.38404;1.39104;1.39271
1.37139;1.37032;1.37574;1.37605;1.38404;1.39104
1.37101;1.37139;1.37032;1.37574;1.37605;1.38404
1.36951;1.37101;1.37139;1.37032;1.37574;1.37605
1.37092;1.36951;1.37101;1.37139;1.37032;1.37574
1.37009;1.37092;1.36951;1.37101;1.37139;1.37032
1.36861;1.37009;1.37092;1.36951;1.37101;1.37139
1.36558;1.36861;1.37009;1.37092;1.36951;1.37101
1.36321;1.36558;1.36861;1.37009;1.37092;1.36951
1.36454;1.36321;1.36558;1.36861;1.37009;1.37092
1.36349;1.36454;1.36321;1.36558;1.36861;1.37009
1.35906;1.36349;1.36454;1.36321;1.36558;1.36861
1.36014;1.35906;1.36349;1.36454;1.36321;1.36558
1.36328;1.36014;1.35906;1.36349;1.36454;1.36321
1.35965;1.36328;1.36014;1.35906;1.36349;1.36454
1.36268;1.35965;1.36328;1.36014;1.35906;1.36349
1.35987;1.36268;1.35965;1.36328;1.36014;1.35906
1.36603;1.35987;1.36268;1.35965;1.36328;1.36014
1.36427;1.36603;1.35987;1.36268;1.35965;1.36328
1.35938;1.36427;1.36603;1.35987;1.36268;1.35965
1.35466;1.35938;1.36427;1.36603;1.35987;1.36268
1.35311;1.35466;1.35938;1.36427;1.36603;1.35987
1.35527;1.35311;1.35466;1.35938;1.36427;1.36603
1.35404;1.35527;1.35311;1.35466;1.35938;1.36427
1.35735;1.35404;1.35527;1.35311;1.35466;1.35938
1.35471;1.35735;1.35404;1.35527;1.35311;1.35466
1.35953;1.35471;1.35735;1.35404;1.35527;1.35311
1.36072;1.35953;1.35471;1.35735;1.35404;1.35527
1.35997;1.36072;1.35953;1.35471;1.35735;1.35404
1.36029;1.35997;1.36072;1.35953;1.35471;1.35735
1.36073;1.36029;1.35997;1.36072;1.35953;1.35471
1.36282;1.36073;1.36029;1.35997;1.36072;1.35953
1.36116;1.36282;1.36073;1.36029;1.35997;1.36072
1.36486;1.36116;1.36282;1.36073;1.36029;1.35997
1.36925;1.36486;1.36116;1.36282;1.36073;1.36029
1.3679;1.36925;1.36486;1.36116;1.36282;1.36073
1.36595;1.3679;1.36925;1.36486;1.36116;1.36282
1.36103;1.36595;1.3679;1.36925;1.36486;1.36116
1.35944;1.36103;1.36595;1.3679;1.36925;1.36486
1.36045;1.35944;1.36103;1.36595;1.3679;1.36925
1.36116;1.36045;1.35944;1.36103;1.36595;1.3679
1.36415;1.36116;1.36045;1.35944;1.36103;1.36595
1.36088;1.36415;1.36116;1.36045;1.35944;1.36103
1.36078;1.36088;1.36415;1.36116;1.36045;1.35944
1.3619;1.36078;1.36088;1.36415;1.36116;1.36045
1.35697;1.3619;1.36078;1.36088;1.36415;1.36116
1.35258;1.35697;1.3619;1.36078;1.36088;1.36415
1.3526;1.35258;1.35697;1.3619;1.36078;1.36088
1.35241;1.3526;1.35258;1.35697;1.3619;1.36078
1.35236;1.35241;1.3526;1.35258;1.35697;1.3619
1.34656;1.35236;1.35241;1.3526;1.35258;1.35697
1.34634;1.34656;1.35236;1.35241;1.3526;1.35258
1.34629;1.34634;1.34656;1.35236;1.35241;1.3526
1.34307;1.34629;1.34634;1.34656;1.35236;1.35241
1.34392;1.34307;1.34629;1.34634;1.34656;1.35236
1.34087;1.34392;1.34307;1.34629;1.34634;1.34656
1.33964;1.34087;1.34392;1.34307;1.34629;1.34634
1.33893;1.33964;1.34087;1.34392;1.34307;1.34629
1.34296;1.33893;1.33964;1.34087;1.34392;1.34307
1.34213;1.34296;1.33893;1.33964;1.34087;1.34392
1.33759;1.34213;1.34296;1.33893;1.33964;1.34087
1.33824;1.33759;1.34213;1.34296;1.33893;1.33964
1.33632;1.33824;1.33759;1.34213;1.34296;1.33893
1.34105;1.33632;1.33824;1.33759;1.34213;1.34296
1.33844;1.34105;1.33632;1.33824;1.33759;1.34213
1.33685;1.33844;1.34105;1.33632;1.33824;1.33759
1.33636;1.33685;1.33844;1.34105;1.33632;1.33824
1.33648;1.33636;1.33685;1.33844;1.34105;1.33632
1.33999;1.33648;1.33636;1.33685;1.33844;1.34105
1.33635;1.33999;1.33648;1.33636;1.33685;1.33844
1.33202;1.33635;1.33999;1.33648;1.33636;1.33685
1.32598;1.33202;1.33635;1.33999;1.33648;1.33636
1.32812;1.32598;1.33202;1.33635;1.33999;1.33648
1.32419;1.32812;1.32598;1.33202;1.33635;1.33999
1.3192;1.32419;1.32812;1.32598;1.33202;1.33635
1.31674;1.3192;1.32419;1.32812;1.32598;1.33202
1.31928;1.31674;1.3192;1.32419;1.32812;1.32598
1.31821;1.31928;1.31674;1.3192;1.32419;1.32812
1.31324;1.31821;1.31928;1.31674;1.3192;1.32419
1.31286;1.31324;1.31821;1.31928;1.31674;1.3192
1.31334;1.31286;1.31324;1.31821;1.31928;1.31674
1.31502;1.31334;1.31286;1.31324;1.31821;1.31928
1.29427;1.31502;1.31334;1.31286;1.31324;1.31821
1.29519;1.29427;1.31502;1.31334;1.31286;1.31324
1.28951;1.29519;1.29427;1.31502;1.31334;1.31286
1.29389;1.28951;1.29519;1.29427;1.31502;1.31334
1.29163;1.29389;1.28951;1.29519;1.29427;1.31502
1.2923;1.29163;1.29389;1.28951;1.29519;1.29427
1.29636;1.2923;1.29163;1.29389;1.28951;1.29519
1.29402;1.29636;1.2923;1.29163;1.29389;1.28951
1.29594;1.29402;1.29636;1.2923;1.29163;1.29389
1.28651;1.29594;1.29402;1.29636;1.2923;1.29163
1.2922;1.28651;1.29594;1.29402;1.29636;1.2923
1.28277;1.2922;1.28651;1.29594;1.29402;1.29636
1.28489;1.28277;1.2922;1.28651;1.29594;1.29402
1.28487;1.28489;1.28277;1.2922;1.28651;1.29594
1.27804;1.28487;1.28489;1.28277;1.2922;1.28651
1.27507;1.27804;1.28487;1.28489;1.28277;1.2922
1.26829;1.27507;1.27804;1.28487;1.28489;1.28277
1.26873;1.26829;1.27507;1.27804;1.28487;1.28489
1.26312;1.26873;1.26829;1.27507;1.27804;1.28487
1.26241;1.26312;1.26873;1.26829;1.27507;1.27804
1.2668;1.26241;1.26312;1.26873;1.26829;1.27507
1.2514;1.2668;1.26241;1.26312;1.26873;1.26829
1.26545;1.2514;1.2668;1.26241;1.26312;1.26873
1.2669;1.26545;1.2514;1.2668;1.26241;1.26312
1.27344;1.2669;1.26545;1.2514;1.2668;1.26241
1.26912;1.27344;1.2669;1.26545;1.2514;1.2668
1.26285;1.26912;1.27344;1.2669;1.26545;1.2514
1.27498;1.26285;1.26912;1.27344;1.2669;1.26545
1.26591;1.27498;1.26285;1.26912;1.27344;1.2669
1.28373;1.26591;1.27498;1.26285;1.26912;1.27344
1.28092;1.28373;1.26591;1.27498;1.26285;1.26912
1.27594;1.28092;1.28373;1.26591;1.27498;1.26285
1.27997;1.27594;1.28092;1.28373;1.26591;1.27498
1.27158;1.27997;1.27594;1.28092;1.28373;1.26591
1.26463;1.27158;1.27997;1.27594;1.28092;1.28373
1.26468;1.26463;1.27158;1.27997;1.27594;1.28092
1.26703;1.26468;1.26463;1.27158;1.27997;1.27594
1.2699;1.26703;1.26468;1.26463;1.27158;1.27997
1.27347;1.2699;1.26703;1.26468;1.26463;1.27158
1.2632;1.27347;1.2699;1.26703;1.26468;1.26463
1.26126;1.2632;1.27347;1.2699;1.26703;1.26468
1.2524;1.26126;1.2632;1.27347;1.2699;1.26703
1.24808;1.2524;1.26126;1.2632;1.27347;1.2699
1.25458;1.24808;1.2524;1.26126;1.2632;1.27347
1.24856;1.25458;1.24808;1.2524;1.26126;1.2632
1.23749;1.24856;1.25458;1.24808;1.2524;1.26126
1.24544;1.23749;1.24856;1.25458;1.24808;1.2524
1.24201;1.24544;1.23749;1.24856;1.25458;1.24808
1.24735;1.24201;1.24544;1.23749;1.24856;1.25458
1.24381;1.24735;1.24201;1.24544;1.23749;1.24856
1.24753;1.24381;1.24735;1.24201;1.24544;1.23749
1.25241;1.24753;1.24381;1.24735;1.24201;1.24544
1.24502;1.25241;1.24753;1.24381;1.24735;1.24201
1.25363;1.24502;1.25241;1.24753;1.24381;1.24735
1.25535;1.25363;1.24502;1.25241;1.24753;1.24381
1.25394;1.25535;1.25363;1.24502;1.25241;1.24753
1.2389;1.25394;1.25535;1.25363;1.24502;1.25241
1.24412;1.2389;1.25394;1.25535;1.25363;1.24502
1.24736;1.24412;1.2389;1.25394;1.25535;1.25363
1.25056;1.24736;1.24412;1.2389;1.25394;1.25535
1.24671;1.25056;1.24736;1.24412;1.2389;1.25394
1.24513;1.24671;1.25056;1.24736;1.24412;1.2389
1.2469;1.24513;1.24671;1.25056;1.24736;1.24412
1.23823;1.2469;1.24513;1.24671;1.25056;1.24736
1.23106;1.23823;1.2469;1.24513;1.24671;1.25056
1.23795;1.23106;1.23823;1.2469;1.24513;1.24671
1.2286;1.23795;1.23106;1.23823;1.2469;1.24513
1.23174;1.2286;1.23795;1.23106;1.23823;1.2469
1.23736;1.23174;1.2286;1.23795;1.23106;1.23823
1.24475;1.23736;1.23174;1.2286;1.23795;1.23106
1.24116;1.24475;1.23736;1.23174;1.2286;1.23795
1.24607;1.24116;1.24475;1.23736;1.23174;1.2286
1.24367;1.24607;1.24116;1.24475;1.23736;1.23174
1.25099;1.24367;1.24607;1.24116;1.24475;1.23736
1.23425;1.25099;1.24367;1.24607;1.24116;1.24475
1.2286;1.23425;1.25099;1.24367;1.24607;1.24116
1.22304;1.2286;1.23425;1.25099;1.24367;1.24607
1.22313;1.22304;1.2286;1.23425;1.25099;1.24367
1.21724;1.22313;1.22304;1.2286;1.23425;1.25099
1.22011;1.21724;1.22313;1.22304;1.2286;1.23425
1.21791;1.22011;1.21724;1.22313;1.22304;1.2286
1.21557;1.21791;1.22011;1.21724;1.22313;1.22304
1.21558;1.21557;1.21791;1.22011;1.21724;1.22313
1.20973;1.21558;1.21557;1.21791;1.22011;1.21724
1.20013;1.20973;1.21558;1.21557;1.21791;1.22011
1.19331;1.20013;1.20973;1.21558;1.21557;1.21791
1.18902;1.19331;1.20013;1.20973;1.21558;1.21557
1.18391;1.18902;1.19331;1.20013;1.20973;1.21558
1.17937;1.18391;1.18902;1.19331;1.20013;1.20973
1.18423;1.17937;1.18391;1.18902;1.19331;1.20013
1.1834;1.18423;1.17937;1.18391;1.18902;1.19331
1.17721;1.1834;1.18423;1.17937;1.18391;1.18902
1.17878;1.17721;1.1834;1.18423;1.17937;1.18391
1.1632;1.17878;1.17721;1.1834;1.18423;1.17937
1.15617;1.1632;1.17878;1.17721;1.1834;1.18423
1.16053;1.15617;1.1632;1.17878;1.17721;1.1834
1.15498;1.16053;1.15617;1.1632;1.17878;1.17721
1.16098;1.15498;1.16053;1.15617;1.1632;1.17878
1.13651;1.16098;1.15498;1.16053;1.15617;1.1632
1.12053;1.13651;1.16098;1.15498;1.16053;1.15617
1.12374;1.12053;1.13651;1.16098;1.15498;1.16053
1.13801;1.12374;1.12053;1.13651;1.16098;1.15498
1.12865;1.13801;1.12374;1.12053;1.13651;1.16098
1.13187;1.12865;1.13801;1.12374;1.12053;1.13651
1.12835;1.13187;1.12865;1.13801;1.12374;1.12053
1.13406;1.12835;1.13187;1.12865;1.13801;1.12374
1.14799;1.13406;1.12835;1.13187;1.12865;1.13801
1.13402;1.14799;1.13406;1.12835;1.13187;1.12865
1.14777;1.13402;1.14799;1.13406;1.12835;1.13187
1.13139;1.14777;1.13402;1.14799;1.13406;1.12835
1.13237;1.13139;1.14777;1.13402;1.14799;1.13406
1.13182;1.13237;1.13139;1.14777;1.13402;1.14799
1.13331;1.13182;1.13237;1.13139;1.14777;1.13402
1.14031;1.13331;1.13182;1.13237;1.13139;1.14777
1.13882;1.14031;1.13331;1.13182;1.13237;1.13139
1.13529;1.13882;1.14031;1.13331;1.13182;1.13237
1.14109;1.13529;1.13882;1.14031;1.13331;1.13182
1.13971;1.14109;1.13529;1.13882;1.14031;1.13331
1.13682;1.13971;1.14109;1.13529;1.13882;1.14031
1.13789;1.13682;1.13971;1.14109;1.13529;1.13882
1.13345;1.13789;1.13682;1.13971;1.14109;1.13529
1.13403;1.13345;1.13789;1.13682;1.13971;1.14109
1.13605;1.13403;1.13345;1.13789;1.13682;1.13971
1.11981;1.13605;1.13403;1.13345;1.13789;1.13682
1.11954;1.11981;1.13605;1.13403;1.13345;1.13789
1.11831;1.11954;1.11981;1.13605;1.13403;1.13345
1.11754;1.11831;1.11954;1.11981;1.13605;1.13403
1.10793;1.11754;1.11831;1.11954;1.11981;1.13605
1.10275;1.10793;1.11754;1.11831;1.11954;1.11981
1.08421;1.10275;1.10793;1.11754;1.11831;1.11954
1.08523;1.08421;1.10275;1.10793;1.11754;1.11831
1.06986;1.08523;1.08421;1.10275;1.10793;1.11754
1.05472;1.06986;1.08523;1.08421;1.10275;1.10793
1.06356;1.05472;1.06986;1.08523;1.08421;1.10275
1.04964;1.06356;1.05472;1.06986;1.08523;1.08421
1.05655;1.04964;1.06356;1.05472;1.06986;1.08523
1.05968;1.05655;1.04964;1.06356;1.05472;1.06986
1.08671;1.05968;1.05655;1.04964;1.06356;1.05472
1.06587;1.08671;1.05968;1.05655;1.04964;1.06356
1.08211;1.06587;1.08671;1.05968;1.05655;1.04964
1.09459;1.08211;1.06587;1.08671;1.05968;1.05655
1.09248;1.09459;1.08211;1.06587;1.08671;1.05968
1.09698;1.09248;1.09459;1.08211;1.06587;1.08671
1.08842;1.09698;1.09248;1.09459;1.08211;1.06587
1.08896;1.08842;1.09698;1.09248;1.09459;1.08211
1.08337;1.08896;1.08842;1.09698;1.09248;1.09459
1.07356;1.08337;1.08896;1.08842;1.09698;1.09248
1.07628;1.07356;1.08337;1.08896;1.08842;1.09698
1.08799;1.07628;1.07356;1.08337;1.08896;1.08842
1.09659;1.08799;1.07628;1.07356;1.08337;1.08896
1.09229;1.09659;1.08799;1.07628;1.07356;1.08337
1.08141;1.09229;1.09659;1.08799;1.07628;1.07356
1.07805;1.08141;1.09229;1.09659;1.08799;1.07628
1.06589;1.07805;1.08141;1.09229;1.09659;1.08799
1.06017;1.06589;1.07805;1.08141;1.09229;1.09659
1.05665;1.06017;1.06589;1.07805;1.08141;1.09229
1.06545;1.05665;1.06017;1.06589;1.07805;1.08141
1.06836;1.06545;1.05665;1.06017;1.06589;1.07805
1.07614;1.06836;1.06545;1.05665;1.06017;1.06589
1.08062;1.07614;1.06836;1.06545;1.05665;1.06017
1.0737;1.08062;1.07614;1.06836;1.06545;1.05665
1.07355;1.0737;1.08062;1.07614;1.06836;1.06545
1.07243;1.07355;1.0737;1.08062;1.07614;1.06836
1.08239;1.07243;1.07355;1.0737;1.08062;1.07614
1.08733;1.08239;1.07243;1.07355;1.0737;1.08062
1.08887;1.08733;1.08239;1.07243;1.07355;1.0737
1.09816;1.08887;1.08733;1.08239;1.07243;1.07355
1.11264;1.09816;1.08887;1.08733;1.08239;1.07243
1.12226;1.11264;1.09816;1.08887;1.08733;1.08239
1.11961;1.12226;1.11264;1.09816;1.08887;1.08733
1.11494;1.11961;1.12226;1.11264;1.09816;1.08887
1.1185;1.11494;1.11961;1.12226;1.11264;1.09816
1.1347;1.1185;1.11494;1.11961;1.12226;1.11264
1.12658;1.1347;1.1185;1.11494;1.11961;1.12226
1.12114;1.12658;1.1347;1.1185;1.11494;1.11961
1.11548;1.12114;1.12658;1.1347;1.1185;1.11494
1.12136;1.11548;1.12114;1.12658;1.1347;1.1185
1.13543;1.12136;1.11548;1.12114;1.12658;1.1347
1.14097;1.13543;1.12136;1.11548;1.12114;1.12658
1.14468;1.14097;1.13543;1.12136;1.11548;1.12114
1.13142;1.14468;1.14097;1.13543;1.12136;1.11548
1.11493;1.13142;1.14468;1.14097;1.13543;1.12136
1.10973;1.11493;1.13142;1.14468;1.14097;1.13543
1.1112;1.10973;1.11493;1.13142;1.14468;1.14097
1.10106;1.1112;1.10973;1.11493;1.13142;1.14468
1.09772;1.10106;1.1112;1.10973;1.11493;1.13142
1.08743;1.09772;1.10106;1.1112;1.10973;1.11493
1.09039;1.08743;1.09772;1.10106;1.1112;1.10973
1.09465;1.09039;1.08743;1.09772;1.10106;1.1112
1.09921;1.09465;1.09039;1.08743;1.09772;1.10106
1.09251;1.09921;1.09465;1.09039;1.08743;1.09772
1.11512;1.09251;1.09921;1.09465;1.09039;1.08743
1.12754;1.11512;1.09251;1.09921;1.09465;1.09039
1.12382;1.12754;1.11512;1.09251;1.09921;1.09465
1.11139;1.12382;1.12754;1.11512;1.09251;1.09921
1.12918;1.11139;1.12382;1.12754;1.11512;1.09251
1.12808;1.12918;1.11139;1.12382;1.12754;1.11512
1.13235;1.12808;1.12918;1.11139;1.12382;1.12754
1.12575;1.13235;1.12808;1.12918;1.11139;1.12382
1.12656;1.12575;1.13235;1.12808;1.12918;1.11139
1.12837;1.12656;1.12575;1.13235;1.12808;1.12918
1.12492;1.12837;1.12656;1.12575;1.13235;1.12808
1.13392;1.12492;1.12837;1.12656;1.12575;1.13235
1.13666;1.13392;1.12492;1.12837;1.12656;1.12575
1.13486;1.13666;1.13392;1.12492;1.12837;1.12656
1.13408;1.13486;1.13666;1.13392;1.12492;1.12837
1.11678;1.13408;1.13486;1.13666;1.13392;1.12492
1.12053;1.11678;1.13408;1.13486;1.13666;1.13392
1.12061;1.12053;1.11678;1.13408;1.13486;1.13666
1.11634;1.12061;1.12053;1.11678;1.13408;1.13486
1.12368;1.11634;1.12061;1.12053;1.11678;1.13408
1.11356;1.12368;1.11634;1.12061;1.12053;1.11678
1.1053;1.11356;1.12368;1.11634;1.12061;1.12053
1.10836;1.1053;1.11356;1.12368;1.11634;1.12061
1.11146;1.10836;1.1053;1.11356;1.12368;1.11634
1.10561;1.11146;1.10836;1.1053;1.11356;1.12368
1.10116;1.10561;1.11146;1.10836;1.1053;1.11356
1.10769;1.10116;1.10561;1.11146;1.10836;1.1053
1.1037;1.10769;1.10116;1.10561;1.11146;1.10836
1.1155;1.1037;1.10769;1.10116;1.10561;1.11146
1.1006;1.1155;1.1037;1.10769;1.10116;1.10561
1.10087;1.1006;1.1155;1.1037;1.10769;1.10116
1.09471;1.10087;1.1006;1.1155;1.1037;1.10769
1.08753;1.09471;1.10087;1.1006;1.1155;1.1037
1.08288;1.08753;1.09471;1.10087;1.1006;1.1155
1.08253;1.08288;1.08753;1.09471;1.10087;1.1006
1.09374;1.08253;1.08288;1.08753;1.09471;1.10087
1.09289;1.09374;1.08253;1.08288;1.08753;1.09471
1.09843;1.09289;1.09374;1.08253;1.08288;1.08753
1.09776;1.09843;1.09289;1.09374;1.08253;1.08288
1.10893;1.09776;1.09843;1.09289;1.09374;1.08253
1.10604;1.10893;1.09776;1.09843;1.09289;1.09374
1.09853;1.10604;1.10893;1.09776;1.09843;1.09289
1.09306;1.09853;1.10604;1.10893;1.09776;1.09843
1.09843;1.09306;1.09853;1.10604;1.10893;1.09776
1.09505;1.09843;1.09306;1.09853;1.10604;1.10893
1.08809;1.09505;1.09843;1.09306;1.09853;1.10604
1.09058;1.08809;1.09505;1.09843;1.09306;1.09853
1.09246;1.09058;1.08809;1.09505;1.09843;1.09306
1.09656;1.09246;1.09058;1.08809;1.09505;1.09843
1.10173;1.09656;1.09246;1.09058;1.08809;1.09505
1.10426;1.10173;1.09656;1.09246;1.09058;1.08809
1.11608;1.10426;1.10173;1.09656;1.09246;1.09058
1.11505;1.11608;1.10426;1.10173;1.09656;1.09246
1.11106;1.11505;1.11608;1.10426;1.10173;1.09656
1.10761;1.11106;1.11505;1.11608;1.10426;1.10173
1.10267;1.10761;1.11106;1.11505;1.11608;1.10426
1.11208;1.10267;1.10761;1.11106;1.11505;1.11608
1.12407;1.11208;1.10267;1.10761;1.11106;1.11505
1.13887;1.12407;1.11208;1.10267;1.10761;1.11106
1.16219;1.13887;1.12407;1.11208;1.10267;1.10761
1.15152;1.16219;1.13887;1.12407;1.11208;1.10267
1.13134;1.15152;1.16219;1.13887;1.12407;1.11208
1.12445;1.13134;1.15152;1.16219;1.13887;1.12407
1.11809;1.12445;1.13134;1.15152;1.16219;1.13887
1.1212;1.11809;1.12445;1.13134;1.15152;1.16219
1.13158;1.1212;1.11809;1.12445;1.13134;1.15152
1.12279;1.13158;1.1212;1.11809;1.12445;1.13134
1.11233;1.12279;1.13158;1.1212;1.11809;1.12445
1.1145;1.11233;1.12279;1.13158;1.1212;1.11809
1.11708;1.1145;1.11233;1.12279;1.13158;1.1212
1.12029;1.11708;1.1145;1.11233;1.12279;1.13158
1.12074;1.12029;1.11708;1.1145;1.11233;1.12279
1.12793;1.12074;1.12029;1.11708;1.1145;1.11233
1.13355;1.12793;1.12074;1.12029;1.11708;1.1145
1.13156;1.13355;1.12793;1.12074;1.12029;1.11708
1.12691;1.13156;1.13355;1.12793;1.12074;1.12029
1.12922;1.12691;1.13156;1.13355;1.12793;1.12074
1.14347;1.12922;1.12691;1.13156;1.13355;1.12793
1.1299;1.14347;1.12922;1.12691;1.13156;1.13355
1.11888;1.1299;1.14347;1.12922;1.12691;1.13156
1.11325;1.11888;1.1299;1.14347;1.12922;1.12691
1.11835;1.11325;1.11888;1.1299;1.14347;1.12922
1.12308;1.11835;1.11325;1.11888;1.1299;1.14347
1.11969;1.12308;1.11835;1.11325;1.11888;1.1299
1.12443;1.11969;1.12308;1.11835;1.11325;1.11888
1.12495;1.12443;1.11969;1.12308;1.11835;1.11325
1.11768;1.12495;1.12443;1.11969;1.12308;1.11835
1.11932;1.11768;1.12495;1.12443;1.11969;1.12308
1.12098;1.11932;1.11768;1.12495;1.12443;1.11969
1.11896;1.12098;1.11932;1.11768;1.12495;1.12443
1.1271;1.11896;1.12098;1.11932;1.11768;1.12495
1.12373;1.1271;1.11896;1.12098;1.11932;1.11768
1.12756;1.12373;1.1271;1.11896;1.12098;1.11932
1.13585;1.12756;1.12373;1.1271;1.11896;1.12098
1.13616;1.13585;1.12756;1.12373;1.1271;1.11896
1.13784;1.13616;1.13585;1.12756;1.12373;1.1271
1.14728;1.13784;1.13616;1.13585;1.12756;1.12373
1.13809;1.14728;1.13784;1.13616;1.13585;1.12756
1.13482;1.13809;1.14728;1.13784;1.13616;1.13585
1.13282;1.13482;1.13809;1.14728;1.13784;1.13616
1.13456;1.13282;1.13482;1.13809;1.14728;1.13784
1.13386;1.13456;1.13282;1.13482;1.13809;1.14728
1.11091;1.13386;1.13456;1.13282;1.13482;1.13809
1.10172;1.11091;1.13386;1.13456;1.13282;1.13482
1.10588;1.10172;1.11091;1.13386;1.13456;1.13282
1.10446;1.10588;1.10172;1.11091;1.13386;1.13456
1.0924;1.10446;1.10588;1.10172;1.11091;1.13386
1.09794;1.0924;1.10446;1.10588;1.10172;1.11091
1.10072;1.09794;1.0924;1.10446;1.10588;1.10172
1.10156;1.10072;1.09794;1.0924;1.10446;1.10588
1.09652;1.10156;1.10072;1.09794;1.0924;1.10446
1.08652;1.09652;1.10156;1.10072;1.09794;1.0924
1.08837;1.08652;1.09652;1.10156;1.10072;1.09794
1.07381;1.08837;1.08652;1.09652;1.10156;1.10072
1.07494;1.07381;1.08837;1.08652;1.09652;1.10156
1.07243;1.07494;1.07381;1.08837;1.08652;1.09652
1.0742;1.07243;1.07494;1.07381;1.08837;1.08652
1.08143;1.0742;1.07243;1.07494;1.07381;1.08837
1.077;1.08143;1.0742;1.07243;1.07494;1.07381
1.06863;1.077;1.08143;1.0742;1.07243;1.07494
1.0644;1.06863;1.077;1.08143;1.0742;1.07243
1.06582;1.0644;1.06863;1.077;1.08143;1.0742
1.07336;1.06582;1.0644;1.06863;1.077;1.08143
1.06468;1.07336;1.06582;1.0644;1.06863;1.077
1.06362;1.06468;1.07336;1.06582;1.0644;1.06863
1.06431;1.06362;1.06468;1.07336;1.06582;1.0644
1.06233;1.06431;1.06362;1.06468;1.07336;1.06582
1.06093;1.06233;1.06431;1.06362;1.06468;1.07336
1.05929;1.06093;1.06233;1.06431;1.06362;1.06468
1.05647;1.05929;1.06093;1.06233;1.06431;1.06362
1.06326;1.05647;1.05929;1.06093;1.06233;1.06431
1.0615;1.06326;1.05647;1.05929;1.06093;1.06233
1.09391;1.0615;1.06326;1.05647;1.05929;1.06093
1.08784;1.09391;1.0615;1.06326;1.05647;1.05929
1.08372;1.08784;1.09391;1.0615;1.06326;1.05647
1.0892;1.08372;1.08784;1.09391;1.0615;1.06326
1.10252;1.0892;1.08372;1.08784;1.09391;1.0615
1.09409;1.10252;1.0892;1.08372;1.08784;1.09391
1.09932;1.09409;1.10252;1.0892;1.08372;1.08784
1.09946;1.09932;1.09409;1.10252;1.0892;1.08372
1.09283;1.09946;1.09932;1.09409;1.10252;1.0892
1.09121;1.09283;1.09946;1.09932;1.09409;1.10252
1.08259;1.09121;1.09283;1.09946;1.09932;1.09409
1.0868;1.08259;1.09121;1.09283;1.09946;1.09932
1.09141;1.0868;1.08259;1.09121;1.09283;1.09946
1.09566;1.09141;1.0868;1.08259;1.09121;1.09283
1.09094;1.09566;1.09141;1.0868;1.08259;1.09121
1.09608;1.09094;1.09566;1.09141;1.0868;1.08259
1.09692;1.09608;1.09094;1.09566;1.09141;1.0868
1.09203;1.09692;1.09608;1.09094;1.09566;1.09141
1.09311;1.09203;1.09692;1.09608;1.09094;1.09566
1.08551;1.09311;1.09203;1.09692;1.09608;1.09094
1.08323;1.08551;1.09311;1.09203;1.09692;1.09608
1.07481;1.08323;1.08551;1.09311;1.09203;1.09692
1.07802;1.07481;1.08323;1.08551;1.09311;1.09203
1.09284;1.07802;1.07481;1.08323;1.08551;1.09311
1.0925;1.09284;1.07802;1.07481;1.08323;1.08551
1.0859;1.0925;1.09284;1.07802;1.07481;1.08323
1.08578;1.0859;1.0925;1.09284;1.07802;1.07481
1.08755;1.08578;1.0859;1.0925;1.09284;1.07802
1.08657;1.08755;1.08578;1.0859;1.0925;1.09284
1.09119;1.08657;1.08755;1.08578;1.0859;1.0925
1.08943;1.09119;1.08657;1.08755;1.08578;1.0859
1.09072;1.08943;1.09119;1.08657;1.08755;1.08578
1.08922;1.09072;1.08943;1.09119;1.08657;1.08755
1.08754;1.08922;1.09072;1.08943;1.09119;1.08657
1.07969;1.08754;1.08922;1.09072;1.08943;1.09119
1.08491;1.07969;1.08754;1.08922;1.09072;1.08943
1.08681;1.08491;1.07969;1.08754;1.08922;1.09072
1.08927;1.08681;1.08491;1.07969;1.08754;1.08922
1.09406;1.08927;1.08681;1.08491;1.07969;1.08754
1.08299;1.09406;1.08927;1.08681;1.08491;1.07969
1.08888;1.08299;1.09406;1.08927;1.08681;1.08491
1.09168;1.08888;1.08299;1.09406;1.08927;1.08681
1.11048;1.09168;1.08888;1.08299;1.09406;1.08927
1.12101;1.11048;1.09168;1.08888;1.08299;1.09406
1.11572;1.12101;1.11048;1.09168;1.08888;1.08299
1.11932;1.11572;1.12101;1.11048;1.09168;1.08888
1.12929;1.11932;1.11572;1.12101;1.11048;1.09168
1.12935;1.12929;1.11932;1.11572;1.12101;1.11048
1.13203;1.12935;1.12929;1.11932;1.11572;1.12101
1.12559;1.13203;1.12935;1.12929;1.11932;1.11572
1.11544;1.12559;1.13203;1.12935;1.12929;1.11932
1.1144;1.11544;1.12559;1.13203;1.12935;1.12929
1.11272;1.1144;1.11544;1.12559;1.13203;1.12935
1.1106;1.11272;1.1144;1.11544;1.12559;1.13203
1.11297;1.1106;1.11272;1.1144;1.11544;1.12559
1.10295;1.11297;1.1106;1.11272;1.1144;1.11544
1.10186;1.10295;1.11297;1.1106;1.11272;1.1144
1.1013;1.10186;1.10295;1.11297;1.1106;1.11272
1.10184;1.1013;1.10186;1.10295;1.11297;1.1106
1.09297;1.10184;1.1013;1.10186;1.10295;1.11297
1.08734;1.09297;1.10184;1.1013;1.10186;1.10295
1.08672;1.08734;1.09297;1.10184;1.1013;1.10186
1.0868;1.08672;1.08734;1.09297;1.10184;1.1013
1.0956;1.0868;1.08672;1.08734;1.09297;1.10184
1.10065;1.0956;1.0868;1.08672;1.08734;1.09297
1.10138;1.10065;1.0956;1.0868;1.08672;1.08734
1.10105;1.10138;1.10065;1.0956;1.0868;1.08672
1.09998;1.10105;1.10138;1.10065;1.0956;1.0868
1.11793;1.09998;1.10105;1.10138;1.10065;1.0956
1.11471;1.11793;1.09998;1.10105;1.10138;1.10065
1.11024;1.11471;1.11793;1.09998;1.10105;1.10138
1.11098;1.11024;1.11471;1.11793;1.09998;1.10105
1.12239;1.11098;1.11024;1.11471;1.11793;1.09998
1.13183;1.12239;1.11098;1.11024;1.11471;1.11793
1.12698;1.13183;1.12239;1.11098;1.11024;1.11471
1.12409;1.12698;1.13183;1.12239;1.11098;1.11024
1.12163;1.12409;1.12698;1.13183;1.12239;1.11098
1.11813;1.12163;1.12409;1.12698;1.13183;1.12239
1.11749;1.11813;1.12163;1.12409;1.12698;1.13183
1.11628;1.11749;1.11813;1.12163;1.12409;1.12698
1.11959;1.11628;1.11749;1.11813;1.12163;1.12409
1.12914;1.11959;1.11628;1.11749;1.11813;1.12163
1.1339;1.12914;1.11959;1.11628;1.11749;1.11813
1.13793;1.1339;1.12914;1.11959;1.11628;1.11749
1.13912;1.13793;1.1339;1.12914;1.11959;1.11628
1.13888;1.13912;1.13793;1.1339;1.12914;1.11959
1.13835;1.13888;1.13912;1.13793;1.1339;1.12914
1.13983;1.13835;1.13888;1.13912;1.13793;1.1339
1.1379;1.13983;1.13835;1.13888;1.13912;1.13793
1.13943;1.1379;1.13983;1.13835;1.13888;1.13912
1.14102;1.13943;1.1379;1.13983;1.13835;1.13888
1.13842;1.14102;1.13943;1.1379;1.13983;1.13835
1.1274;1.13842;1.14102;1.13943;1.1379;1.13983
1.12653;1.1274;1.13842;1.14102;1.13943;1.1379
1.12824;1.12653;1.1274;1.13842;1.14102;1.13943
1.13125;1.12824;1.12653;1.1274;1.13842;1.14102
1.13569;1.13125;1.12824;1.12653;1.1274;1.13842
1.12969;1.13569;1.13125;1.12824;1.12653;1.1274
1.12861;1.12969;1.13569;1.13125;1.12824;1.12653
